Label,Value,Area (µm²),Center_X,Center_Y,Center_Z
1792,105.352,105.352,-48.953,-16.1121,2.28678
4224,149.383,149.383,19.9676,20.854,4.15543
2176,136.759,136.759,-38.1359,-6.53328,16.0368
3968,77.1376,77.1376,10.4204,19.0287,8.69384
4160,127.671,127.671,18.819,20.5608,11.7062
2112,97.8335,97.8335,-40.5811,-15.6782,-12.6549
2880,137.37,137.37,-19.1424,-7.11386,14.1124
4288,299.653,299.653,24.7562,13.2882,10.7188
3264,203.996,203.996,-9.37336,-7.39972,5.11851
3776,85.212,85.212,4.00044,24.4743,14.2889
2592,111.406,111.406,-28.6323,-25.9784,-10.9601
3744,95.0331,95.0331,2.92847,9.17457,12.3616
2464,178.145,178.145,-29.6266,1.57789,19.622
3488,117.004,117.004,-3.17105,7.58343,-0.500328
2144,186.19,186.19,-39.7737,-20.5008,-12.5888
3424,143.111,143.111,-5.68182,27.5396,15.5067
4320,202.913,202.913,25.363,16.8456,14.246
2016,145.352,145.352,-41.8264,-16.9923,-18.3956
4064,118.299,118.299,15.0293,13.3077,8.39658
2064,26.3196,26.3196,-43.6524,-17.1177,-7.43327
2576,93.1113,93.1113,-29.5212,-20.6643,-0.972377
3344,64.2231,64.2231,-9.55084,12.3155,0.110981
2192,129.788,129.788,-38.3684,3.4315,12.1884
3984,300.348,300.348,14.5187,-0.261347,12.5782
3664,180.256,180.256,1.74921,19.4386,-5.25725
3376,116.701,116.701,-6.76099,8.41764,-3.79671
3888,159.205,159.205,9.57512,25.761,2.11955
3504,55.1441,55.1441,-4.53171,14.8942,12.1976
4016,90.2984,90.2984,12.8288,22.9063,11.6622
4208,275.051,275.051,21.0943,16.5257,13.8245
3696,156.635,156.635,2.90142,21.7218,-1.6505
2416,124.07,124.07,-33.4562,-23.0499,-12.0403
3952,92.6446,92.6446,10.5338,23.7277,5.10261
2056,107.78,107.78,-41.3796,-29.4749,-2.08901
2568,83.5982,83.5982,-29.637,-21.8065,-3.65006
2824,160.671,160.671,-21.7057,0.526738,3.57328
2696,103.701,103.701,-26.6173,-21.5807,-15.6156
1928,94.0443,94.0443,-45.2791,-13.9149,-7.10216
3400,115.707,115.707,-5.84189,-0.553444,-1.8647
2888,119.596,119.596,-19.9878,8.6177,14.7004
3528,128.797,128.797,-3.4256,18.8334,6.89299
3016,222.438,222.438,-16.3628,24.1221,5.84266
4040,260.699,260.699,17.1132,8.3163,18.5479
3624,82.835,82.835,-1.43999,15.679,3.46946
3880,295.738,295.738,10.4267,7.51197,-14.2415
1960,107.06,107.06,-44.6192,-20.6549,-12.5552
2152,119.463,119.463,-39.5198,-1.29924,0.512436
3688,168.346,168.346,4.89693,10.4958,19.6593
3432,106.193,106.193,-6.0875,19.4168,10.6517
1896,102.793,102.793,-46.1456,-5.79862,-0.794514
2792,185.648,185.648,-22.7881,5.85176,13.7032
3816,126.439,126.439,5.58624,13.2877,1.47991
3560,317.774,317.774,1.13,-9.1227,-3.43101
3048,97.2398,97.2398,-20.652,3.98459,10.0647
4120,243.437,243.437,17.9083,19.7816,-5.62724
3608,102.748,102.748,0.639534,24.4494,19.7016
2328,123.045,123.045,-34.9992,-4.57977,-2.53651
3224,209.496,209.496,-11.8553,23.8451,9.95752
3992,199.563,199.563,14.4965,34.1299,-5.63953
4184,126.146,126.146,18.545,24.0567,4.55708
1624,131.958,131.958,-53.2411,-23.6346,-14.2014
3672,99.9852,99.9852,0.358586,17.4274,5.00539
3928,148.996,148.996,10.9148,5.49879,-1.46374
3288,206.671,206.671,-8.07928,-8.847,-5.33255
3800,105.906,105.906,5.46631,6.16807,-4.96975
2104,120.57,120.57,-41.0469,-35.0569,-9.77185
2616,99.7566,99.7566,-28.3927,-20.8664,-13.6765
3640,67.555,67.555,-0.400489,11.8059,-3.11077
3896,145.861,145.861,8.54933,11.4002,5.8261
3768,263.262,263.262,5.38419,-4.03157,-9.23724
2168,69.2165,69.2165,-40.6,-24.6746,-0.930024
3192,145.04,145.04,-11.73,6.87115,-1.32306
2680,104.811,104.811,-26.371,-7.08866,7.16594
3704,113.062,113.062,1.65403,21.3459,7.23921
2424,129.449,129.449,-32.3345,-6.40581,14.386
2296,98.5368,98.5368,-37.3477,-20.8981,-13.2953
3320,138.031,138.031,-8.54331,19.5968,-7.28441
3832,111.722,111.722,6.05637,13.2074,16.7767
2308,28.4385,28.4385,-37.4434,-22.2574,-11.4651
3844,113.086,113.086,7.24076,18.8682,11.5473
3716,102.718,102.718,2.47889,4.52719,5.54879
3972,283.018,283.018,13.7539,29.7006,-10.5139
3652,240.132,240.132,0.879314,-6.31958,-9.17508
2372,101.574,101.574,-34.5297,-23.7605,-4.3011
2500,104.973,104.973,-31.351,9.67175,13.229
4132,130.827,130.827,17.6443,17.0443,10.0521
2340,10.8584,10.8584,-36.9621,-19.3872,-6.70895
3876,369.017,369.017,11.2296,4.66086,12.1765
2212,120.077,120.077,-37.3741,-13.1575,-15.0506
2468,86.5396,86.5396,-31.783,-21.2454,5.08314
4004,134.354,134.354,13.2156,19.6876,16.7729
2404,186.162,186.162,-32.8086,-19.434,-17.5058
3428,103.078,103.078,-4.43065,14.2017,23.5139
2276,169.041,169.041,-35.3564,-1.84866,13.3178
1764,78.6837,78.6837,-49.5783,-13.7983,-11.6797
3812,155.483,155.483,6.15914,18.5628,15.5061
3044,126.14,126.14,-14.9951,0.485739,7.24104
1556,100.461,100.461,-55.7824,-13.8682,-22.2258
2324,100.19,100.19,-35.8604,-37.0283,-12.108
3348,309.201,309.201,-5.16812,-9.68227,1.36047
1812,159.185,159.185,-47.8328,-25.7458,-12.7611
3476,82.173,82.173,-4.08284,13.1283,-4.85015
3988,211.093,211.093,12.8138,16.7394,8.54384
2132,93.1532,93.1532,-39.7126,-21.0247,8.20961
3668,172.42,172.42,2.07036,3.73467,-7.97236
3412,100.698,100.698,-6.111,22.8444,13.6766
3924,51.8233,51.8233,9.26842,21.3895,1.05148
2004,198.813,198.813,-42.2711,-24.001,-14.3473
1844,120.54,120.54,-47.2204,-22.9069,0.372525
2996,179.943,179.943,-16.6554,11.4305,0.645478
2420,162.178,162.178,-32.1843,-16.5827,13.1356
2036,104.434,104.434,-43.288,-31.6842,-11.0333
4108,115.036,115.036,15.8284,28.7791,12.837
3340,361.965,361.965,-5.17514,21.6721,-14.3811
3724,69.5909,69.5909,2.5533,20.5653,11.7207
3468,96.872,96.872,-4.2498,10.4321,-10.7135
2124,78.1264,78.1264,-41.6599,-23.9018,-9.08959
3148,179.857,179.857,-12.5616,9.8315,-14.9694
3660,93.8894,93.8894,1.07396,14.6669,-7.17257
2380,124.608,124.608,-35.4774,-14.466,-1.7959
3404,81.7494,81.7494,-6.00024,10.3134,-1.50456
2892,186.4,186.4,-19.2187,13.4877,8.14948
2252,151.676,151.676,-37.4609,-21.9255,-6.38682
3788,73.5341,73.5341,5.18057,30.8501,0.461416
3532,179.643,179.643,-1.98506,18.2981,-9.30708
1996,158.103,158.103,-42.6687,-13.7061,-21.7051
4140,181.89,181.89,17.4329,16.9537,1.92004
2092,18.2708,18.2708,-43.0763,-26.9003,-14.4247
2348,111.244,111.244,-34.8429,2.66022,8.76461
4012,142.263,142.263,14.2013,16.0413,16.3963
1900,137.844,137.844,-45.7416,-17.6872,-3.60029
1772,137.741,137.741,-49.5657,-13.8551,-20.7171
3820,36.633,36.633,4.16464,20.4849,9.29157
3564,153.952,153.952,-0.396765,-2.29779,6.4934
4380,182.907,182.907,26.7694,22.4489,4.22028
3868,69.214,69.214,7.40409,4.20312,8.15356
2204,105.532,105.532,-38.5876,-26.1472,-16.0028
2716,102.401,102.401,-25.537,13.387,7.6805
1692,85.7535,85.7535,-51.9528,-22.8854,-9.81205
2460,116.833,116.833,-31.3018,-36.2747,-11.6927
3484,226.173,226.173,-3.66877,1.48079,10.6407
1948,196.883,196.883,-43.8399,-19.473,-18.2703
3676,105.255,105.255,0.519697,10.7829,12.9222
3420,107.102,107.102,-6.24962,2.20831,-9.63607
1884,118.765,118.765,-46.2659,-16.2262,-10.3117
2268,79.9647,79.9647,-35.9388,-11.3365,-10.3156
2780,159.518,159.518,-22.4475,5.56296,19.7222
3548,202.528,202.528,-1.68235,27.6462,3.5083
2876,143.51,143.51,-20.517,10.087,5.90476
2492,113.296,113.296,-31.3404,5.21373,8.9517
4028,92.7588,92.7588,13.0219,22.5958,5.41343
4220,228.103,228.103,22.1089,28.0336,-2.89393
2684,154.756,154.756,-25.7878,-4.89498,14.755
3708,354.077,354.077,6.23565,17.075,-16.3905
1916,149.572,149.572,-44.7725,-21.6536,-4.91393
3964,240.959,240.959,14.4434,9.90051,-4.38223
2300,92.4655,92.4655,-35.9182,-6.72564,-4.70565
3324,252.365,252.365,-6.68014,4.27015,17.5609
1788,99.8315,99.8315,-49.1654,-12.9134,-2.07711
2556,106.562,106.562,-28.3924,-1.49748,9.22101
4092,129.615,129.615,15.8617,7.90895,-0.315739
2562,185.199,185.199,-29.6849,-24.5567,-18.1412
3586,38.5319,38.5319,-2.26548,21.4273,-4.64947
2818,141.32,141.32,-22.2739,14.184,13.2953
3842,162.09,162.09,7.73753,22.2977,19.2787
4226,308.631,308.631,21.9602,10.4092,-3.93663
2178,115.748,115.748,-38.6543,-18.6787,11.1971
2690,147.893,147.893,-23.1821,5.21812,8.88922
3714,159.602,159.602,4.96375,37.3418,-7.86199
3458,111.217,111.217,-4.72369,19.0494,-1.74998
2114,6.43042,6.43042,-42.7329,-20.777,-7.97765
3138,98.9879,98.9879,-13.8907,2.86082,2.29076
3650,114.569,114.569,0.828138,5.60207,11.5417
1858,85.4886,85.4886,-46.542,-34.5271,-10.1675
3906,68.2054,68.2054,8.18565,15.0077,6.31452
2242,175.741,175.741,-38.8254,-15.6732,0.929127
3522,186.32,186.32,-2.35642,27.4369,13.7299
3010,142.947,142.947,-16.3521,7.45878,-12.1386
3618,297.854,297.854,2.24915,13.3002,-17.1758
3362,125.399,125.399,-7.53083,27.459,8.72731
3874,271,271,12.3975,10.6596,-8.33559
3746,155.734,155.734,5.81197,33.1402,-6.48722
1954,105.943,105.943,-44.4002,-2.25439,3.01694
3938,87.1889,87.1889,9.63478,7.80673,-0.616875
3298,226.882,226.882,-8.59315,29.8161,1.96039
3554,119.531,119.531,-1.92406,13.5948,-10.7866
3042,151.455,151.455,-16.1089,21.2002,12.2382
4066,207.816,207.816,14.563,32.6583,10.7044
4114,438.689,438.689,17.2591,8.57225,6.27594
3090,195.073,195.073,-13.934,19.5138,-9.3869
2322,20.5341,20.5341,-36.919,-20.8357,-8.85077
2834,168.645,168.645,-21.1358,17.8858,6.39363
3858,140.033,140.033,9.12572,7.97491,8.04414
3730,237.088,237.088,4.98557,15.6427,-10.7836
2450,110.691,110.691,-32.291,-28.2778,-3.8426
3154,249.355,249.355,-11.6889,13.7445,-13.7682
1618,127.56,127.56,-52.5788,-15.7308,-15.6454
3410,155.234,155.234,-5.3998,30.8705,9.75343
2898,158.465,158.465,-19.5883,6.26205,0.801002
3922,73.0739,73.0739,10.3876,29.4404,16.7572
3794,5.39457,5.39457,2.79551,23.4099,1.06822
2514,140.54,140.54,-30.3367,-9.93853,-5.25811
3122,231.691,231.691,-12.9053,-7.07473,-1.69248
3378,260.198,260.198,-5.28015,-3.74968,-13.806
3762,103.256,103.256,4.53036,28.1729,-0.446843
3186,167.386,167.386,-11.8305,3.34764,21.4959
2930,161.082,161.082,-17.6231,6.38624,3.40724
3954,262.173,262.173,12.7422,2.24796,-7.24554
2802,186.534,186.534,-21.9129,2.55619,-2.46325
3826,259.879,259.879,7.98234,-2.05426,16.3919
3570,165.497,165.497,-0.500044,-2.18158,0.737911
2314,70.0318,70.0318,-36.4184,-30.8151,-2.79452
3850,152.954,152.954,7.7662,18.5855,-2.2162
2186,120.815,120.815,-39.2235,-10.1736,3.43276
2954,97.0643,97.0643,-18.5725,-4.50152,17.5882
1930,17.5969,17.5969,-46.9751,-24.1102,-4.17472
3658,86.2282,86.2282,1.32733,16.5488,9.43332
2378,128.208,128.208,-33.9491,-9.57082,4.00596
3530,273.872,273.872,-1.09909,-7.55467,8.6857
3018,150.54,150.54,-15.6392,8.71743,21.0797
4042,429.368,429.368,17.174,0.727034,3.25876
1834,143.96,143.96,-47.8232,-21.7554,-9.0205
2218,68.1203,68.1203,-40.2133,-14.1713,3.26845
3498,76.6001,76.6001,-4.34289,24.7629,-1.43813
4010,159.643,159.643,14.5559,25.1585,-3.07969
2666,152.6,152.6,-26.7208,11.2982,13.3408
2410,96.707,96.707,-33.3229,-9.92097,-1.05651
3818,85.4273,85.4273,6.12035,8.50578,-2.14727
3562,127.445,127.445,0.173476,10.2605,24.5419
3610,241.252,241.252,3.21221,6.70943,16.2854
3866,373.352,373.352,10.5888,22.8147,-15.0329
2458,115.454,115.454,-31.6513,-0.0110605,8.90546
3482,74.86,74.86,-3.67296,10.0147,6.81979
2970,105.331,105.331,-17.1553,0.864475,4.43419
1946,120.377,120.377,-44.6149,-11.049,-3.3408
3994,158.243,158.243,13.174,32.829,4.41587
2138,170.816,170.816,-39.9593,-21.6939,-1.08915
3162,203.834,203.834,-10.9158,-0.2535,-5.45938
3674,251.577,251.577,2.81791,1.69686,-15.586
3418,113.316,113.316,-6.60885,19.5703,-3.80356
4314,207.932,207.932,24.8618,15.1128,-1.44182
3802,133.117,133.117,6.19681,37.6921,8.91044
3546,382.497,382.497,0.626922,26.3967,-13.8082
3034,167.046,167.046,-15.6846,0.157855,-0.907779
4154,223.244,223.244,19.6422,18.9507,-10.2167
2362,217.184,217.184,-33.8316,-25.5628,-18.9573
2874,87.6914,87.6914,-21.1348,2.25477,12.0928
3258,229.207,229.207,-9.97074,22.408,1.06654
2170,114.792,114.792,-38.8842,-13.984,-18.2419
3194,80.8458,80.8458,-12.1874,4.84234,7.08444
3706,106.795,106.795,3.54593,1.6253,6.33978
2426,124.394,124.394,-33.6517,-20.299,-7.42843
3450,166.885,166.885,-4.00635,9.5292,13.2818
3322,73.0651,73.0651,-8.62868,7.05977,1.70897
2042,101.383,101.383,-42.2915,-31.6824,-5.27252
2054,147.012,147.012,-41.219,-11.7061,13.8033
4358,199.831,199.831,25.8745,18.8288,0.340749
3846,292.736,292.736,8.69438,-6.86507,8.81647
2438,120.289,120.289,-32.1966,-28.6561,-13.5468
2118,178.602,178.602,-39.4146,-5.85037,10.7274
2374,68.588,68.588,-34.8727,-32.3089,-5.5717
2246,129.433,129.433,-37.1813,-5.87985,2.02058
1734,111.577,111.577,-50.2381,-22.9144,-4.31399
3110,199.371,199.371,-14.5161,-7.45698,8.0377
3366,101.067,101.067,-7.1225,-3.92923,-2.32523
2214,3.16286,3.16286,-40.4738,-30.572,-8.03217
3238,167.15,167.15,-9.89379,9.20742,-9.17261
1702,84.6522,84.6522,-51.6647,-31.2139,-14.5409
2470,97.5556,97.5556,-30.915,-14.4662,-12.0282
3686,95.1786,95.1786,1.4504,30.9333,6.71183
3430,204.54,204.54,-3.60831,36.9562,-3.22899
3942,168.273,168.273,12.8065,11.3869,2.55563
3814,73.8683,73.8683,4.61427,4.17493,10.1509
2022,191.86,191.86,-42.9586,-30.5672,-15.5515
2070,171.917,171.917,-42.1412,-28.3244,-24.6011
2582,96.7937,96.7937,-29.3002,-10.6309,5.44655
1686,100.95,100.95,-52.7452,-14.3842,-21.3873
3478,120.952,120.952,-2.93855,-2.61709,3.05528
3670,87.3098,87.3098,0.0206445,22.5416,2.56283
2902,264.534,264.534,-19.2405,7.86418,-8.02463
3926,126.055,126.055,10.3087,22.3861,-1.4325
2262,98.1815,98.1815,-36.734,-8.22861,-6.77582
2774,148.075,148.075,-21.9717,-0.0527095,20.383
3798,158.905,158.905,5.46752,-2.44715,8.71386
2358,74.5079,74.5079,-35.4115,-22.22,7.92393
3382,124.034,124.034,-5.61241,11.2623,1.99815
1846,106.013,106.013,-47.5092,-9.28671,-5.06185
3894,80.9119,80.9119,9.9191,26.6307,15.8946
2230,90.0934,90.0934,-37.4974,-9.42296,-9.17988
1718,100.862,100.862,-51.2064,-17.7165,-8.13373
3766,567.753,567.753,5.90584,26.9596,7.11792
3190,135.001,135.001,-12.5407,15.8057,12.4027
3702,187.736,187.736,4.13212,27.9283,-8.65505
3446,93.2781,93.2781,-5.09639,7.66143,8.07819
2934,112.882,112.882,-18.8681,-3.37758,11.3801
3830,114.668,114.668,6.86515,39.4479,15.7176
2062,70.4407,70.4407,-42.0498,-3.90999,14.2478
2574,161.812,161.812,-28.442,4.43406,14.3919
3598,71.8344,71.8344,-2.06854,11.8338,12.4315
2318,98.4041,98.4041,-35.8893,-17.3793,-12.3268
2830,150.113,150.113,-21.9856,13.4629,1.99508
3854,61.6143,61.6143,5.8824,12.7758,8.847
4174,266.93,266.93,20.735,14.8977,1.69678
3406,140.116,140.116,-5.03114,4.5952,-4.58964
2894,152.251,152.251,-20.0219,-3.01768,-0.98274
3918,183.854,183.854,9.5728,15.5783,12.9272
3278,319.947,319.947,-7.61339,15.8594,-14.9036
2606,150.684,150.684,-28.0249,-16.3008,4.19985
2350,111.868,111.868,-34.9399,-16.6188,8.25892
3886,270.639,270.639,8.86029,-6.66921,-1.50685
3758,140.724,140.724,4.60568,34.27,5.67161
1966,95.86,95.86,-43.4002,-9.88634,-9.24716
3182,258.852,258.852,-10.7924,-5.30676,-9.98389
2286,75.9455,75.9455,-36.8846,-23.8439,1.0885
3102,38.7219,38.7219,-16.3858,3.65343,8.91556
2590,107.995,107.995,-28.9769,-16.1872,-4.75906
2334,93.8092,93.8092,-35.0373,7.48124,7.83255
3358,235.43,235.43,-6.28554,-2.40972,17.3237
3742,139.565,139.565,5.26938,37.7415,-4.6111
3486,192.349,192.349,-2.04236,13.0251,18.12
2142,142.014,142.014,-40.031,-12.712,-6.55666
2654,139.212,139.212,-26.3368,1.8754,0.732825
2270,145.463,145.463,-37.0171,-19.6558,-17.1789
3646,72.0806,72.0806,-1.11865,19.943,7.31879
3390,238.382,238.382,-4.94103,25.4354,-6.01347
1854,72.3482,72.3482,-46.9496,-32.2054,-7.74842
3262,234.425,234.425,-10.3818,19.444,8.61891
2750,136.764,136.764,-24.163,9.83246,17.7828
2494,120.121,120.121,-31.7401,-13.9858,1.30272
3006,252.657,252.657,-15.8442,0.17781,-11.9024
3710,266.043,266.043,5.89898,12.3642,23.6206
2302,21.3376,21.3376,-37.4574,-23.5009,-14.1272
3838,135.215,135.215,7.6645,1.35669,-1.95458
2558,100.464,100.464,-29.8639,-25.0615,-7.87136
3582,230.076,230.076,-0.67219,-1.25198,-14.455
3070,184.759,184.759,-15.1335,16.5735,5.30707
4094,126.076,126.076,16.1156,21.7278,11.4135
2049,103.246,103.246,-41.4346,-27.2712,1.16839
2561,89.7205,89.7205,-29.3261,-16.9215,9.59692
2177,134.727,134.727,-39.0572,-9.18088,-1.86404
2689,95.3777,95.3777,-25.9944,10.4661,3.58643
3969,143.828,143.828,12.8938,12.9803,-1.34765
2113,80.0175,80.0175,-41.2821,-16.1218,-9.84189
1857,86.3124,86.3124,-46.5847,-26.929,-1.80392
2241,97.9188,97.9188,-36.7361,-15.779,14.0127
1729,86.5319,86.5319,-50.707,-26.3701,-7.11862
3777,106.667,106.667,4.7029,15.8371,7.44126
3521,143.82,143.82,-2.14005,30.3044,-0.791942
3617,312.494,312.494,3.02781,33.0729,-10.8469
3233,232.21,232.21,-8.84615,27.6122,-7.9332
2465,100.704,100.704,-31.1771,-8.0872,18.1653
3169,230.781,230.781,-12.6909,19.5358,-1.60769
3681,97.5196,97.5196,1.71842,6.64408,1.51856
3937,136.121,136.121,11.0012,13.573,-4.78791
3809,58.7793,58.7793,4.55738,17.3372,-6.75238
3553,118.823,118.823,-1.06629,22.1514,19.6283
4065,118.207,118.207,15.2184,40.5809,10.0171
4113,149.648,149.648,16.1622,36.0878,15.5261
2065,111.43,111.43,-41.1254,-22.915,6.08895
2321,122.962,122.962,-34.5056,-11.6407,16.3474
1809,77.1624,77.1624,-48.5254,-12.0209,-8.7489
3857,263.22,263.22,9.74934,22.4382,-9.87936
2449,102.424,102.424,-31.1972,1.36879,5.033
2129,177.27,177.27,-39.9792,-25.443,-23.7862
3665,77.8321,77.8321,0.194905,24.0473,9.47204
1873,107.559,107.559,-46.4694,-20.4235,3.92932
1745,129.673,129.673,-49.2161,-17.6762,-17.3538
3793,142.366,142.366,4.74213,33.2681,15.4043
3537,293.217,293.217,0.835534,6.68725,22.8038
3025,161.352,161.352,-16.1097,7.23342,11.0454
3121,184.487,184.487,-12.6429,23.4703,-8.15257
3633,128.208,128.208,-0.178367,17.2085,18.0227
3889,111.431,111.431,7.81694,20.9745,8.12056
3505,97.8866,97.8866,-3.18136,1.3907,2.48904
4209,213.669,213.669,21.6873,23.5573,-7.12987
2161,170.399,170.399,-39.0534,-16.7789,6.13973
2417,72.7479,72.7479,-33.7921,-33.8668,-8.62234
3569,158.098,158.098,-1.40026,15.063,10.5083
2033,140.949,140.949,-42.257,-0.511362,10.5704
2569,109.601,109.601,-29.2958,-32.134,-11.3034
2313,71.6738,71.6738,-36.3801,-28.5402,0.345338
3337,131.909,131.909,-8.36134,13.8391,-2.85906
2825,124.892,124.892,-20.8258,2.226,8.00326
1801,210.676,210.676,-47.2049,-31.2142,-19.7045
2185,157.14,157.14,-37.3213,0.987572,16.5722
2953,155.2,155.2,-18.4202,17.1569,12.7577
1929,97.9219,97.9219,-44.7576,-17.9571,7.14173
3977,136.9,136.9,13.0027,43.2343,15.1775
2633,136.007,136.007,-25.9122,-8.17051,10.8771
2889,153.915,153.915,-19.7775,-1.1586,15.3406
1865,79.1612,79.1612,-47.3105,-8.60279,3.66372
3529,117.369,117.369,-2.42389,-3.44931,-3.5427
3017,305.635,305.635,-14.4563,10.3866,15.0157
4137,116.657,116.657,16.8412,35.3843,9.45133
2601,87.9009,87.9009,-28.9424,-18.4814,0.609193
3625,110.374,110.374,0.825454,9.9766,-5.14843
1833,145.966,145.966,-46.917,-13.4525,-17.4284
2217,115.174,115.174,-38.3387,-33.5859,-8.03275
3689,295.149,295.149,3.30047,-9.41793,2.31237
2409,114.552,114.552,-32.5157,4.9994,3.3197
3817,148.94,148.94,6.09659,8.51794,10.9291
3609,193.015,193.015,0.886999,7.43867,-10.7189
2329,172.632,172.632,-36.6119,-29.1489,-15.8629
2457,141.184,141.184,-30.594,6.92489,17.8299
3481,120.129,120.129,-2.99678,9.7957,-7.13779
1945,85.6562,85.6562,-44.9205,-3.87123,8.25827
3993,81.0116,81.0116,11.8124,33.9063,14.7414
3161,152.944,152.944,-13.1886,26.2009,11.9949
3417,113.302,113.302,-6.93158,19.6397,2.85606
2265,88.9922,88.9922,-36.9302,-20.1681,4.48528
3129,223.98,223.98,-13.2531,1.27414,15.0371
1849,86.6717,86.6717,-47.2317,-29.5951,-5.05151
2745,97.1245,97.1245,-24.4717,-10.3917,13.4731
3769,104.271,104.271,4.53772,-1.29151,-3.25377
2425,176.909,176.909,-32.2802,-11.1473,12.4391
3449,92.7219,92.7219,-6.20567,24.55,1.2831
3321,132.106,132.106,-8.66227,15.6182,-6.89684
3577,96.8804,96.8804,-1.70884,15.0913,-1.41172
3205,261.44,261.44,-9.01346,-5.59036,12.2246
3461,221.448,221.448,-2.90262,32.161,-3.70209
3973,296.788,296.788,12.56,-3.92963,0.292633
2373,101.857,101.857,-34.1873,-26.417,-8.84108
2245,117.312,117.312,-36.658,2.38472,2.78122
2501,143.821,143.821,-30.6796,-12.4962,-9.10428
3109,189.161,189.161,-12.9055,-3.183,8.92048
2597,155.923,155.923,-27.103,-0.947339,16.3275
1573,124.305,124.305,-54.8545,-19.9762,-17.244
3877,269.044,269.044,9.51129,-0.58069,-9.20772
2725,139.758,139.758,-25.3034,-12.5161,7.65793
4005,305.955,305.955,16.0036,12.8672,-13.4287
4197,186.854,186.854,20.5643,24.2263,-1.89956
3173,318.069,318.069,-11.5219,30.235,1.68546
3429,194.27,194.27,-3.72828,14.8176,21.0328
3941,126.042,126.042,10.5639,24.7128,10.6289
3813,107.144,107.144,5.9162,14.5005,-3.29922
2197,103.349,103.349,-38.3347,-11.9353,-12.3572
3477,159.006,159.006,-3.0068,0.250623,-7.07463
2965,95.6311,95.6311,-19.3687,-8.1089,9.20257
2645,109.376,109.376,-27.0913,-1.51143,5.06933
3669,92.5594,92.5594,0.859087,27.0664,5.3164
2389,124.563,124.563,-33.4056,-2.10927,-0.368148
3413,265.845,265.845,-4.02967,7.77646,-17.1065
3797,136.54,136.54,6.10753,10.194,-7.22789
2517,85.094,85.094,-31.1807,-30.1543,-7.80944
3541,81.6946,81.6946,-2.56458,17.6027,-5.27541
2357,101.875,101.875,-34.3695,-6.08307,7.1915
3381,132.238,132.238,-7.13513,24.082,6.74101
3893,310.541,310.541,11.3004,37.9688,11.9639
2741,162.936,162.936,-23.4555,-8.12233,3.70044
3765,67.7487,67.7487,4.28526,25.7224,-1.478
2485,106.704,106.704,-31.2834,-4.36727,4.05538
2997,150.017,150.017,-17.7038,-6.2444,2.59937
4021,212.072,212.072,16.3354,13.3325,20.9232
3701,198.394,198.394,4.70104,28.5785,-4.3238
2421,94.995,94.995,-32.7262,-23.228,3.2821
2933,131.382,131.382,-18.841,12.5425,18.6856
4109,101.415,101.415,15.6875,26.7777,7.43215
2061,101.89,101.89,-41.9119,1.41909,5.30325
3597,212.58,212.58,0.995498,21.2596,15.339
3725,87.7122,87.7122,3.21769,11.5002,5.89264
2445,94.7697,94.7697,-32.6347,-17.6785,-2.95803
3469,127.459,127.459,-3.83227,5.09822,-9.36894
3981,202.005,202.005,13.9145,11.2776,17.0202
2637,156.683,156.683,-25.4126,-8.72071,17.0368
3405,62.6118,62.6118,-7.03256,4.19227,-0.791769
2893,64.3955,64.3955,-20.3103,0.010933,11.3049
3789,238.91,238.91,5.82207,4.53308,-15.2598
1997,97.4317,97.4317,-43.1334,-15.666,9.89898
2349,35.0167,35.0167,-36.5318,-17.9865,-7.31041
1837,101.446,101.446,-48.1327,-11.1225,-24.1274
3885,159.004,159.004,9.39307,42.1967,10.6134
3757,24.9864,24.9864,2.05386,34.7828,-4.84787
2477,123.186,123.186,-30.3985,-7.43348,2.14444
3181,154.949,154.949,-11.6315,-2.44088,1.80574
2669,78.3227,78.3227,-27.5211,-28.5686,-12.9953
1901,155.913,155.913,-44.9916,-27.1777,-6.84303
3949,211.44,211.44,11.1112,12.2724,14.2404
2285,115.07,115.07,-35.8064,-7.83613,9.42468
3821,117.946,117.946,6.72578,14.0612,-6.33042
2589,100.558,100.558,-28.3161,-5.09698,19.4314
3357,142.553,142.553,-7.80776,14.437,12.3413
2845,122.896,122.896,-21.3711,7.50561,-3.90281
3869,188.063,188.063,9.51137,4.12203,3.11105
2717,55.3665,55.3665,-25.5329,-2.37984,11.5786
2141,122.412,122.412,-39.6913,-13.0236,-23.6233
3165,107.831,107.831,-12.861,5.58878,3.99047
2653,179.303,179.303,-25.9868,8.17815,8.99384
3677,145.736,145.736,2.42111,1.45263,-3.84612
2397,126.264,126.264,-34.0192,-20.1133,0.583536
2269,137.126,137.126,-37.7773,-14.3012,-2.09378
2525,106.243,106.243,-29.2366,-1.70951,12.1917
3549,173.101,173.101,-2.33879,21.6077,1.22396
2365,132.21,132.21,-34.1629,-13.1618,-5.02657
2877,212.246,212.246,-19.3164,0.413797,-7.28382
2493,11.7922,11.7922,-33.054,-12.2491,-12.63
3005,131.768,131.768,-16.8832,2.38747,20.5242
3709,168.22,168.22,2.32755,16.3377,-0.361263
3965,185.027,185.027,12.8839,5.57332,6.31707
3837,299.074,299.074,9.87123,31.8586,10.0957
2557,145.087,145.087,-27.5146,-3.94608,7.78233
3581,260.467,260.467,0.896228,1.28646,20.6936
2045,103.022,103.022,-41.6434,-25.0298,3.51233
3075,215.703,215.703,-13.8435,6.5589,-4.62059
2563,89.5672,89.5672,-29.8411,-23.4801,-5.54756
3587,66.4796,66.4796,-2.10457,12.9554,5.38842
3715,103.407,103.407,2.69815,8.4972,-2.68069
2435,135.834,135.834,-32.0149,1.6391,14.2609
3459,86.5476,86.5476,-4.98262,3.29136,6.94
2627,106.039,106.039,-27.4832,-13.9233,11.947
2371,127.993,127.993,-34.9058,-14.4097,-19.5625
3395,113.383,113.383,-6.50024,12.7987,-7.63223
3907,9.08912,9.08912,6.30546,4.08251,-8.41195
3779,174.535,174.535,4.15485,-1.97786,2.05502
2499,117.004,117.004,-30.3951,10.6629,8.35688
4035,127.067,127.067,14.0615,19.7251,-4.01224
2083,116.768,116.768,-41.2843,-3.81345,5.36396
3619,114.924,114.924,0.134553,10.9589,1.31
2339,115.545,115.545,-34.3651,-3.15978,18.3108
1827,89.154,89.154,-48.3912,-10.4395,1.18157
3875,300.039,300.039,9.9899,4.35313,19.269
2723,91.7422,91.7422,-24.7192,-3.24313,19.8812
3747,117.642,117.642,2.90173,14.5291,17.5066
2467,130.835,130.835,-31.6224,-14.988,6.44159
1443,147.699,147.699,-57.9299,-18.109,-21.2192
4003,108.398,108.398,12.622,27.5714,7.06305
3427,97.6232,97.6232,-6.70282,15.818,8.13809
1891,104.556,104.556,-46.4635,-31.1088,-12.3284
3299,130.596,130.596,-9.52643,16.0522,2.29106
3811,191.883,191.883,6.84566,33.3195,13.5098
2531,102.257,102.257,-29.7259,8.07244,4.27289
3555,263.642,263.642,-0.450719,10.0625,-17.5939
3043,218.126,218.126,-15.4749,23.5061,-0.729514
4067,209.993,209.993,15.2751,20.8349,3.3226
3091,117.669,117.669,-14.8945,15.8932,17.9311
2323,85.0161,85.0161,-36.2788,-25.7709,3.90537
2195,114.256,114.256,-38.2238,-0.181602,7.1007
1683,84.9484,84.9484,-52.3242,-18.7809,-11.3584
3731,173.764,173.764,3.44255,13.7492,11.6022
3475,69.6527,69.6527,-4.6812,15.4035,1.12771
1939,78.6431,78.6431,-44.3164,-11.4588,-11.5462
3155,341.894,341.894,-11.1478,2.29507,-15.1578
2259,94.8706,94.8706,-37.1868,-26.5016,-2.42954
3283,108.281,108.281,-9.49927,1.24437,8.56784
2515,105.937,105.937,-30.5261,-15.8819,-16.7998
2003,130.055,130.055,-42.7988,-9.24705,5.6378
2611,99.5241,99.5241,-28.344,-13.6721,-1.59057
2867,149.128,149.128,-19.8105,2.96715,16.3983
2995,211.446,211.446,-16.7762,13.478,-9.33164
2419,172.566,172.566,-31.7222,-9.01501,9.03586
2931,95.1429,95.1429,-23.0273,-2.71606,10.1226
2291,116.701,116.701,-36.0323,-30.5971,-10.919
3315,132.166,132.166,-8.49322,1.69058,3.39728
2035,65.3347,65.3347,-43.8815,-23.3638,-11.2894
3595,288.211,288.211,0.930947,-4.62797,14.7443
2827,113.164,113.164,-22.1364,-4.15458,6.92305
2187,150.435,150.435,-39.5365,-28.466,-14.4316
3211,176.037,176.037,-9.48352,11.8294,21.4907
3723,130.403,130.403,3.56652,24.424,-5.28663
3467,127.529,127.529,-5.07502,30.5768,3.2456
2123,16.1903,16.1903,-41.9129,-10.5091,0.678486
3403,68.0808,68.0808,-7.23844,18.7958,5.65598
3915,192.123,192.123,9.9685,21.4404,-5.72242
3275,242.791,242.791,-7.17117,32.5288,-6.47829
3787,151.515,151.515,4.8065,6.15415,1.59763
3019,112.91,112.91,-17.5548,-3.19635,5.79411
1995,129.649,129.649,-43.0413,-7.42633,1.04102
2091,47.8142,47.8142,-42.3792,-18.44,-12.3787
2603,5.14333,5.14333,-30.1509,27.5767,3.75757
2347,115.033,115.033,-34.6158,6.86618,13.0225
3371,269.328,269.328,-5.88838,4.3887,-16.7254
2219,132.676,132.676,-37.6243,-11.8476,11.6977
2667,127.413,127.413,-25.883,4.96518,4.58788
1899,97.1859,97.1859,-46.0054,-10.5235,9.40349
3947,148.846,148.846,11.031,35.6296,18.2058
3563,124.232,124.232,-1.10164,3.33379,-2.06078
2027,86.2729,86.2729,-42.7088,-7.7185,-6.59749
3355,87.1795,87.1795,-7.83353,5.98689,5.031
3739,138.957,138.957,3.21451,16.0978,3.78663
2459,102.751,102.751,-32.3324,-25.5647,-0.0769456
3483,127.715,127.715,-3.46056,6.11699,2.72839
2971,227.166,227.166,-16.7697,-5.23718,-6.08915
1947,126.002,126.002,-44.1566,-16.7911,2.55137
2139,95.3169,95.3169,-40.0658,-25.9395,-6.4833
3419,75.9013,75.9013,-5.9562,14.1333,3.52659
1755,98.0387,98.0387,-49.9303,-15.1709,-5.46758
3803,185.751,185.751,6.78462,18.2709,20.734
3131,211.663,211.663,-13.4465,13.5491,-2.75028
3387,128.091,128.091,-6.57783,-1.86471,4.60186
2683,147.795,147.795,-24.7137,7.86,-0.0346384
3451,227.654,227.654,-4.00722,-8.19941,-8.19622
1915,106.728,106.728,-44.1434,-12.4361,-14.5856
3963,233.342,233.342,13.0395,28.7318,-6.83654
3323,190.903,190.903,-6.97001,4.95258,22.9656
2055,148.935,148.935,-41.7791,-12.2776,7.8814
2567,114.199,114.199,-29.021,-7.36023,-2.07408
2695,114.32,114.32,-25.3377,3.14468,7.55105
1927,131.215,131.215,-44.8309,-13.3367,1.1936
2119,131.932,131.932,-41.2319,-16.0234,-3.98935
3911,99.0529,99.0529,8.96707,23.2838,14.5743
2247,106.724,106.724,-36.8494,-3.89275,7.48694
1735,199.017,199.017,-49.0431,-20.4698,-15.38
3527,139.051,139.051,-3.44897,18.9075,16.4078
1991,134.811,134.811,-43.5362,-22.7642,0.146299
3623,163.134,163.134,1.26029,22.5536,-9.67079
3879,260.831,260.831,10.8852,14.3281,-10.0418
2471,110.613,110.613,-31.0252,-15.6382,-14.0097
1959,96.8604,96.8604,-44.1445,-7.23883,12.1977
3175,152.674,152.674,-11.5204,4.64943,-8.80607
3687,132.679,132.679,1.53889,29.309,12.1602
2919,226.368,226.368,-18.8931,15.926,-2.54118
1895,92.3138,92.3138,-46.2379,-6.47991,6.19274
3943,77.5896,77.5896,10.4827,8.27188,4.35467
3303,262.727,262.727,-7.67911,9.68321,15.4272
3559,166.966,166.966,-1.15061,33.3444,3.74478
4071,131.318,131.318,16.08,28.1718,-1.17007
3607,80.5911,80.5911,-1.28569,25.5034,-3.85862
2327,100.346,100.346,-35.1654,-2.19265,4.09031
2647,158.369,158.369,-25.67,-4.42087,1.02714
3927,204.077,204.077,10.4563,15.1024,1.27621
3287,192.175,192.175,-8.64695,1.6239,12.5922
3127,164.141,164.141,-12.9472,9.62524,5.29643
1847,94.4919,94.4919,-47.363,-13.1587,6.31607
3895,120.247,120.247,8.21961,18.6234,4.36171
2231,110.177,110.177,-37.2412,-29.0655,-6.52762
1719,129.511,129.511,-50.6131,-29.2742,-11.0204
3191,158.98,158.98,-11.8855,12.8288,7.65286
2295,152.343,152.343,-36.1107,-16.1904,1.81223
3831,74.8536,74.8536,5.91767,20.8521,2.75526
4087,296.902,296.902,17.5285,5.67767,-6.55132
2063,135.82,135.82,-41.5183,-4.87734,-2.98605
2575,116.037,116.037,-29.3596,-18.3043,-8.59409
3343,159.651,159.651,-7.78028,18.4668,16.1708
2191,95.0632,95.0632,-38.6095,4.59512,7.13121
3215,176.41,176.41,-11.0874,18.5071,17.6506
3983,50.6927,50.6927,10.8194,19.0194,3.32006
4175,409.683,409.683,21.9669,6.93683,7.5468
3919,133.363,133.363,8.79657,-1.02171,4.08035
3279,100.356,100.356,-9.99189,2.71938,-0.439694
2511,143.868,143.868,-30.3716,0.0387476,0.898818
3535,168.204,168.204,-2.99084,23.7218,9.71338
3375,116.143,116.143,-7.23741,11.295,6.49497
2159,72.6892,72.6892,-40.4965,-28.4591,-9.6202
3103,162.594,162.594,-13.7712,-2.65883,17.9865
2591,77.4035,77.4035,-29.5451,-20.6667,-10.8613
3615,269.108,269.108,1.35338,1.08957,13.3485
2335,108.194,108.194,-34.7809,-15.7975,-9.16163
2847,93.4986,93.4986,-22.2005,-9.46059,9.14487
3743,230.899,230.899,6.24999,32.4935,-2.06315
3487,47.5425,47.5425,-4.80707,12.2145,10.0917
2143,69.5019,69.5019,-41.8812,-18.7528,-2.70678
2655,98.5463,98.5463,-27.0364,-11.5828,1.17142
4319,184.719,184.719,23.8839,20.5854,7.04012
1759,106.736,106.736,-50.0559,-18.775,-2.57458
2015,169.497,169.497,-41.9183,-8.91556,-26.1608
2111,67.1878,67.1878,-42.7564,-13.8407,-3.20764
3647,115.569,115.569,0.949891,8.989,5.6075
1855,109.621,109.621,-46.7381,-9.24169,-24.9338
3263,141.825,141.825,-9.91997,6.99174,9.62544
2495,102.066,102.066,-31.0111,-19.4525,7.71168
1983,46.9882,46.9882,-44.7289,-26.4577,-15.8355
3967,182.674,182.674,12.4932,27.4713,-0.235504
3583,119.554,119.554,-1.11609,5.4403,6.65144
3071,126.643,126.643,-14.8763,2.1401,11.2303


Area HeatMap results for mesh 1
Signal range: 3.16286-567.753 µm²
