sample_name,cell_id,AP,PD,vol,AP_norm,PD_norm,vol_rescale,bin,bin_center,vol_pool_rescale
419,448,12.5465,0.0,74.5813,0.5965376898279781,0.0,0.40473727452199393,"(-0.001, 0.2]",0.0995,0.45634621353300836
419,376,16.6615,6.07224,108.122,0.7921900704633847,0.19758880894971642,0.586755709485716,"(-0.001, 0.2]",0.0995,0.6615742190014914
419,324,13.7246,12.7886,130.83,0.6525518015233784,0.4161370832072421,0.7099873242449846,"(0.4, 0.6]",0.5,0.800519367676931
419,340,16.1593,12.1748,110.251,0.7683123971814647,0.3961642213089416,0.5983093517185186,"(0.2, 0.4]",0.30000000000000004,0.6746010915367218
419,300,13.4222,17.2175,67.3518,0.6381738477192115,0.5602521175203454,0.36550427474649044,"(0.4, 0.6]",0.5,0.4121105277681198
419,258,18.9499,19.0664,96.7108,0.9009946653226957,0.6204147508924011,0.5248294895482065,"(0.6, 0.8]",0.7,0.5917516507187199
419,386,6.8408,5.21172,213.43,0.3252536586757448,0.1695877546637511,1.1582404235542847,"(-0.001, 0.2]",0.0995,1.3059302044124999
419,194,0.0,30.7317,713.529,0.0,1.0,3.872174160981423,"(0.8, 1.0]",0.9,4.365923594734792
419,274,16.6114,18.0048,148.311,0.7898080086724166,0.5858706156834799,0.8048530921508669,"(0.4, 0.6]",0.5,0.9074816780519247
419,330,6.85727,15.501,171.298,0.32603674365972174,0.5043977391423188,0.9295987821487225,"(0.4, 0.6]",0.5,1.0481339650257808
419,314,0.0,22.8611,413.449,0.0,0.7438931136253445,2.243702126589961,"(0.6, 0.8]",0.7,2.529801513770996
419,406,12.0525,0.0,76.9874,0.5730498949230228,0.0,0.41779468108674095,"(-0.001, 0.2]",0.0995,0.47106859869365547
419,398,0.0,12.0525,233.322,0.0,0.39218461718681363,1.2661901893104661,"(0.2, 0.4]",0.30000000000000004,1.42764488194693
419,222,16.9165,22.9181,135.211,0.8043143370641207,0.7457478759717164,0.7337621042458811,"(0.6, 0.8]",0.7,0.8273257221047582
419,273,21.0322,19.3531,75.2344,1.0,0.6297438800977493,0.40828151301060045,"(0.6, 0.8]",0.7,0.4603423856573667
419,329,10.6142,14.4843,112.692,0.5046642766805185,0.4713146360272943,0.6115561533579132,"(0.4, 0.6]",0.5,0.6895370219540525
419,355,0.0,17.4826,342.026,0.0,0.5688783894154896,1.8561042923046327,"(0.4, 0.6]",0.5,2.0927802281515704
419,243,8.51987,22.3287,221.486,0.40508696189652055,0.7265689825164244,1.2019586677193659,"(0.6, 0.8]",0.7,1.3552230579323756
419,363,6.00664,11.9846,244.45,0.28559256758684304,0.38997517221631084,1.326579541478915,"(0.2, 0.4]",0.30000000000000004,1.4957346130751796
419,423,16.0911,0.0,106.678,0.765069750192562,0.0,0.578919420437258,"(-0.001, 0.2]",0.0995,0.6527387075215136
419,375,11.2808,7.90377,135.154,0.5363585359591483,0.2571862279014828,0.7334527770465997,"(0.2, 0.4]",0.30000000000000004,0.826976951914759
419,415,8.00345,4.3537,122.855,0.38053318245357126,0.14166804960350388,0.6667086503104608,"(-0.001, 0.2]",0.0995,0.7517221349533696
422,384,12.3447,20.0778,110.677,0.5375581334587448,0.5608167369626547,0.7890734181850279,"(0.4, 0.6]",0.5,0.6772076897988205
422,456,11.5909,5.21791,87.0266,0.5047334134573513,0.14574760481550794,0.6204575181385577,"(-0.001, 0.2]",0.0995,0.5324962073153955
422,376,0.0,35.801,349.756,0.0,1.0,2.4935909217879284,"(0.8, 1.0]",0.9,2.1400783609356617
422,436,11.7778,11.0239,53.8108,0.5128720976816289,0.30792156643669166,0.3836449478326201,"(0.2, 0.4]",0.30000000000000004,0.32925619192990746
422,460,11.9178,0.0,102.864,0.5189684903589904,0.0,0.7333705113816303,"(-0.001, 0.2]",0.0995,0.6294016986678883
422,428,21.3516,0.0,113.284,0.9297695563567957,0.0,0.8076600658282452,"(-0.001, 0.2]",0.0995,0.6931593369098329
422,492,0.0,21.9596,351.816,0.0,0.6133795145387,2.5082777242984875,"(0.6, 0.8]",0.7,2.1526830379777353
422,476,17.6498,0.0,115.084,0.7685722248349619,0.0,0.8204931942355299,"(-0.001, 0.2]",0.0995,0.7041731323834894
422,316,22.9644,18.2163,87.9981,1.0,0.5088209826541158,0.6273838427206004,"(0.4, 0.6]",0.5,0.5384405974835383
422,354,18.4679,14.1913,64.4178,0.8041969309017435,0.396393955476104,0.4592677217304362,"(0.2, 0.4]",0.30000000000000004,0.39415804114605973
422,402,17.1471,6.70222,146.947,0.746681820557036,0.18720761989888549,1.0476609555918148,"(-0.001, 0.2]",0.0995,0.8991356685929983
422,306,22.8363,19.3899,68.6271,0.9944218007002142,0.5416021898829642,0.48927799251087145,"(0.4, 0.6]",0.5,0.4199138018612054
422,394,14.277,14.4618,71.1391,0.6217014161049276,0.4039496103460797,0.5071873361548155,"(0.4, 0.6]",0.5,0.4352841653222193
422,362,17.8555,14.5433,90.2051,0.7775295675044851,0.4062260830703053,0.6431186840510879,"(0.4, 0.6]",0.5,0.5519447344892939
422,378,11.1795,21.8595,91.4268,0.48681872811830484,0.610583503254099,0.6518288134817433,"(0.6, 0.8]",0.7,0.559420042228275
422,506,0.0,17.9523,216.953,0.0,0.5014468869584648,1.5467698374142445,"(0.4, 0.6]",0.5,1.3274866496645508
422,390,19.2894,6.17346,76.8589,0.8399696922192611,0.17243820005027793,0.5479667405236972,"(-0.001, 0.2]",0.0995,0.4702823360723417
422,422,6.93283,21.8354,121.128,0.3018946717528,0.6099103377000642,0.8635839876208792,"(0.6, 0.8]",0.7,0.7411550100739225
422,334,12.095,25.5127,129.938,0.5266847816620508,0.7126253456607357,0.926395021658756,"(0.6, 0.8]",0.7,0.7950614201422077
422,430,15.2644,3.34665,65.9045,0.6646984027451185,0.09347923242367531,0.46986717284327517,"(-0.001, 0.2]",0.0995,0.40325482432977366
422,513,0.0,11.9178,244.08,0.0,0.3328901427334432,1.740172212027807,"(0.2, 0.4]",0.30000000000000004,1.493470666227817
422,449,6.40908,16.2902,79.2815,0.2790876312901709,0.4550208094745956,0.565238705456746,"(0.4, 0.6]",0.5,0.48510568102483065
422,361,6.54185,29.2592,191.779,0.2848691888314086,0.8172732605234491,1.367291407122586,"(0.8, 1.0]",0.9,1.173452601190202
422,345,21.7431,12.8986,125.505,0.9468176830224172,0.3602860255300131,0.8947898781979264,"(0.2, 0.4]",0.30000000000000004,0.7679368894006972
422,389,7.83313,23.4277,193.871,0.3410988312344324,0.6543867489734924,1.3822063541381635,"(0.6, 0.8]",0.7,1.1862530790406962
422,421,14.4986,7.28693,111.957,0.6313511347999512,0.2035398452557191,0.7981991983857636,"(0.2, 0.4]",0.30000000000000004,0.6850397221356428
422,405,11.7705,16.7477,88.6771,0.5125542143491665,0.46779978212899076,0.6322247839364594,"(0.4, 0.6]",0.5,0.5425952458872122
422,437,0.0,28.7682,486.943,0.0,0.8035585598167648,3.471667803349133,"(0.8, 1.0]",0.9,2.9794947829603893
422,451,18.0602,0.0,95.5439,0.7864433645120272,0.0,0.6811817429070942,"(-0.001, 0.2]",0.0995,0.584611651864159
422,371,17.722,12.4511,107.569,0.7717162216300012,0.3477863746822714,0.7669148831351162,"(0.2, 0.4]",0.30000000000000004,0.6581905362809737
422,443,7.09526,11.0641,205.501,0.3089677936283987,0.30904444009943854,1.4651226226807865,"(0.2, 0.4]",0.30000000000000004,1.2574144353510432
422,327,17.4283,19.7459,110.79,0.7589268607061365,0.5515460461998267,0.7898790534683741,"(0.4, 0.6]",0.5,0.6778991114035556
422,455,6.42361,15.536,116.369,0.27972034975875704,0.4339543588167928,0.8296546220151748,"(0.4, 0.6]",0.5,0.7120357585966275
422,423,12.1005,8.92446,117.295,0.5269242828029471,0.24927962906064074,0.8362565536291446,"(0.2, 0.4]",0.30000000000000004,0.7177017444902974
422,471,6.63829,5.27948,118.146,0.289068732472871,0.1474673891790732,0.8423237715594776,"(-0.001, 0.2]",0.0995,0.7229088222392317
424_A,4224,20.0317,19.226,82.257,0.7300847380410023,0.804408220645334,0.5328295870973184,"(0.8, 1.0]",0.9,0.5033120968203112
424_A,3856,0.0,23.0021,272.89,0.0,0.9623987481590573,1.7676777176773675,"(0.8, 1.0]",0.9,1.6697525815589518
424_A,3984,12.7377,11.9833,73.6417,0.46424419134396355,0.5013765229615745,0.4770229476414724,"(0.4, 0.6]",0.5,0.4505970122957597
424_A,3888,6.95825,11.8981,106.122,0.2536036446469248,0.49781178872673715,0.6874179880367826,"(0.4, 0.6]",0.5,0.6493366684752064
424_A,4272,25.441,9.8363,89.4971,0.9272346241457858,0.4115468938278216,0.57972820354994,"(0.4, 0.6]",0.5,0.5476126416029891
424_A,4136,9.09198,21.6411,127.779,0.331370569476082,0.9054550475297899,0.8277038040496036,"(0.8, 1.0]",0.9,0.7818509843490832
424_A,4280,15.2325,21.4155,92.8066,0.5551708428246014,0.8960160329361361,0.6011658868899424,"(0.8, 1.0]",0.9,0.5678627283363591
424_A,4004,6.89646,21.2488,225.51,0.2513516173120729,0.8890413710001338,1.4607680827931515,"(0.8, 1.0]",0.9,1.379845009591261
424_A,3684,0.0,5.79555,331.597,0.0,0.24248351519614408,2.147959354130463,"(0.2, 0.4]",0.30000000000000004,2.0289675209322575
424_A,3988,27.4375,0.0,151.222,1.0,0.0,0.9795586493554432,"(-0.001, 0.2]",0.0995,0.9252934328429324
424_A,3660,0.0,0.0,232.587,0.0,0.0,1.506610199426237,"(-0.001, 0.2]",0.0995,1.4231475821285204
424_A,4076,16.6389,10.6421,84.2159,0.6064291571753986,0.44526124648547327,0.5455185968857248,"(0.4, 0.6]",0.5,0.5152981656832809
424_A,4188,18.8328,14.5531,44.8192,0.6863890660592255,0.6088959365376891,0.2903217456269027,"(0.6, 0.8]",0.7,0.27423861227383556
424_A,3900,8.76745,8.013,140.484,0.31954259681093394,0.33526074441022896,0.9100019659576655,"(0.2, 0.4]",0.30000000000000004,0.8595900240673084
424_A,4038,27.281,0.0,211.425,0.9942961275626423,0.0,1.369530805305938,"(-0.001, 0.2]",0.0995,1.2936620600098994
424_A,3809,6.07471,0.0,133.428,0.2214017312072893,0.0,0.8642958793442626,"(-0.001, 0.2]",0.0995,0.8164159458105751
424_A,4177,24.7954,4.7391,140.342,0.9037047835990889,0.19828206587227204,0.9090821439198107,"(-0.001, 0.2]",0.0995,0.8587211579799423
424_A,3945,7.82992,14.9074,135.265,0.2853729384965832,0.6237197081269247,0.8761952672565103,"(0.6, 0.8]",0.7,0.8276561359689677
424_A,4101,15.7383,14.33,93.621,0.5736054669703873,0.5995615209532735,0.606441260605639,"(0.4, 0.6]",0.5,0.5728458589106623
424_A,4173,20.3477,9.72057,108.641,0.7416018223234624,0.4067047964921676,0.7037351127787274,"(0.4, 0.6]",0.5,0.6647498633630624
424_A,3965,0.0,23.9008,305.148,0.0,1.0,1.9766327831500363,"(0.8, 1.0]",0.9,1.8671320339974022
424_A,4131,20.8001,6.48087,111.088,0.7580902050113896,0.27115703240058914,0.7195858488817597,"(0.2, 0.4]",0.30000000000000004,0.679722506431972
424_A,3691,0.0,12.1296,206.188,0.0,0.5074976569821931,1.335607509445055,"(0.4, 0.6]",0.5,1.261618033956822
424_A,4135,12.778,19.4613,79.8024,0.4657129840546697,0.814253079394832,0.5169296210824008,"(0.8, 1.0]",0.9,0.4882929510594016
424_A,4119,15.4935,14.7391,120.007,0.5646833712984054,0.61667810282501,0.7773597415270177,"(0.6, 0.8]",0.7,0.7342958630039398
424_A,3735,0.0,17.9856,313.436,0.0,0.7525103762217165,2.0303192975848265,"(0.6, 0.8]",0.7,1.9178444433783268
424_B,4008,6.89666,22.3505,180.702,0.19832406893517412,0.764195424503626,1.1913043403294326,"(0.6, 0.8]",0.7,1.1056749276003728
424_B,3704,14.2813,0.0,98.7896,0.41068075353633526,0.0,0.6512848737668012,"(-0.001, 0.2]",0.0995,0.6044713607357405
424_B,3576,0.0,5.61147,335.593,0.0,0.19186415063373805,2.2124458914908263,"(-0.001, 0.2]",0.0995,2.053418146883775
424_B,4132,27.3769,12.1099,82.9791,0.7872648793519426,0.41405472679342564,0.5470518421856428,"(0.4, 0.6]",0.5,0.5077304644378263
424_B,3964,30.4182,0.0,142.682,0.8747221399465702,0.0,0.9406519346043989,"(-0.001, 0.2]",0.0995,0.8730390920956955
424_B,3580,0.0,0.0,262.241,0.0,0.0,1.728862112828473,"(-0.001, 0.2]",0.0995,1.6045937437817475
424_B,3690,6.59597,11.315,139.197,0.18967726536821308,0.386875963770767,0.9176765628539586,"(0.2, 0.4]",0.30000000000000004,0.851715160303644
424_B,4022,16.6285,13.6393,90.5286,0.478178100745657,0.4663470908226799,0.5968230241167617,"(0.4, 0.6]",0.5,0.5539241582869204
424_B,3886,6.49465,17.4063,137.99,0.18676365288557484,0.5951461854337695,0.909719238979416,"(0.4, 0.6]",0.5,0.8443297985610311
424_B,3614,0.0,13.9686,367.634,0.0,0.47760632678111675,2.4236808660262237,"(0.4, 0.6]",0.5,2.2494698250901233
424_B,3902,34.7747,0.0,112.926,1.0,0.0,0.744481156467784,"(-0.001, 0.2]",0.0995,0.6909688153656279
424_B,4009,22.9314,7.48676,71.4414,0.6594276873704158,0.2559829863473644,0.4709878689732882,"(0.2, 0.4]",0.30000000000000004,0.4371338710842673
424_B,3705,8.14113,6.14021,228.459,0.2341107184246018,0.20994252421607612,1.5061493413870453,"(0.2, 0.4]",0.30000000000000004,1.3978892778422682
424_B,3833,14.021,6.59888,156.86,0.4031954265601141,0.22562510471123634,1.0341224713842394,"(0.2, 0.4]",0.30000000000000004,0.9597910877765298
424_B,3877,11.5867,12.3143,160.923,0.3331933848458793,0.4210434538808976,1.0609083925957283,"(0.4, 0.6]",0.5,0.9846516716706776
424_B,4205,16.6794,22.6907,85.5037,0.47964180855622046,0.7758273469848292,0.5636956365963061,"(0.6, 0.8]",0.7,0.5231779244671558
424_B,3949,19.4437,10.9745,53.0817,0.5591335079813772,0.3752337838623317,0.34994886388675744,"(0.2, 0.4]",0.30000000000000004,0.32479499288555025
424_B,3837,20.6199,0.0,130.91,0.5929569485861848,0.0,0.8630433044046332,"(-0.001, 0.2]",0.0995,0.8010088696979822
424_B,4035,19.6401,15.094,47.8569,0.5647812921463017,0.5160853554711408,0.3155036064056382,"(0.4, 0.6]",0.5,0.29282561589068345
424_B,4147,27.4839,15.6544,88.2688,0.7903418289733627,0.5352462295407067,0.5819249624003643,"(0.4, 0.6]",0.5,0.5400969499472711
424_B,4187,22.3471,16.7978,75.3675,0.6426252419143803,0.5743407038646566,0.4968712569300756,"(0.4, 0.6]",0.5,0.461156794644891
424_B,3803,0.0,22.2064,380.282,0.0,0.7592684402898064,2.5070646542326998,"(0.6, 0.8]",0.7,2.326860094618349
424_B,4059,12.0312,18.2365,101.464,0.34597566621710607,0.6235319057274055,0.6689162465671965,"(0.6, 0.8]",0.7,0.6208354132994888
424_B,3771,18.2071,0.0,50.9403,0.5235731724500858,0.0,0.3358313714717236,"(-0.001, 0.2]",0.0995,0.311692247537057
424_B,4027,23.3737,11.3604,83.0226,0.672146704356903,0.3884282544252251,0.5473386222921404,"(0.2, 0.4]",0.30000000000000004,0.507996631161773
424_B,3943,0.0,29.2471,278.145,0.0,1.0,1.833711556822448,"(0.8, 1.0]",0.9,1.7019067455667656
425,288,20.7224,14.4339,128.255,0.7329110387244864,0.42005779690760353,0.7002487893940427,"(0.4, 0.6]",0.5,0.784763521374339
425,360,22.6611,3.99626,122.133,0.8014790921726952,0.1162998338266151,0.6668237916265457,"(-0.001, 0.2]",0.0995,0.7473043792133807
425,408,7.03419,7.14452,248.293,0.24878563773913226,0.20792102835424325,1.3556342650580098,"(0.2, 0.4]",0.30000000000000004,1.5192490664114362
425,344,0.0,16.9575,457.396,0.0,0.4935000305572774,2.497298314090504,"(0.4, 0.6]",0.5,2.798703330260319
425,312,27.1453,8.97933,84.9404,0.9600765364768462,0.261317979028977,0.46375901345480286,"(0.2, 0.4]",0.30000000000000004,0.5197312183614277
425,396,0.0,5.39257,288.269,0.0,0.15693548340157792,1.5738958970007508,"(-0.001, 0.2]",0.0995,1.7638532263308202
425,332,12.5284,17.1172,131.891,0.4431051739931598,0.4981476469441268,0.7201006828737256,"(0.4, 0.6]",0.5,0.8070113882311251
425,236,0.0,27.9648,394.077,0.0,0.8138363352220641,2.1515881811862005,"(0.8, 1.0]",0.9,2.4112685993734
425,348,7.71055,16.3975,193.784,0.2727071772399475,0.477202815925871,1.0580251171801112,"(0.4, 0.6]",0.5,1.1857207455928027
425,338,13.2502,12.103,120.861,0.46863383803551656,0.3522235512212725,0.6598789047986698,"(0.2, 0.4]",0.30000000000000004,0.7395212970786635
425,218,0.0,30.5849,288.911,0.0,0.8900869281787572,1.5774010993148202,"(0.8, 1.0]",0.9,1.7677814800497575
425,250,10.642,22.3614,99.286,0.3763868699622622,0.6507652415334515,0.5420833597425202,"(0.6, 0.8]",0.7,0.6075087207763644
425,358,11.4508,4.112,158.218,0.4049925550238557,0.119668118864899,0.8638412768340153,"(-0.001, 0.2]",0.0995,0.9681003845838771
425,246,13.9523,19.0511,91.0712,0.4934657513413335,0.55442833154355,0.49723205760915945,"(0.4, 0.6]",0.5,0.5572442057447016
425,398,15.2228,0.0,123.544,0.5384008686394969,0.0,0.6745275929741344,"(-0.001, 0.2]",0.0995,0.7559379711096748
425,334,19.1142,4.95311,59.894,0.6760321283436077,0.1441462442195817,0.32701026074591083,"(-0.001, 0.2]",0.0995,0.3664779256106558
425,286,0.0,22.9075,321.92,0.0,0.6666579360159712,1.7576241883882129,"(0.6, 0.8]",0.7,1.9697561327108277
425,190,7.92755,28.1887,167.017,0.28038204575919307,0.8203523108577283,0.9118822038768456,"(0.8, 1.0]",0.9,1.0219394881242678
425,193,0.0,34.3617,221.873,0.0,1.0,1.211385908145682,"(0.8, 1.0]",0.9,1.3575910239592117
425,297,15.0731,19.6718,118.852,0.5331062704029482,0.572492047832325,0.6489101330713093,"(0.4, 0.6]",0.5,0.7272286775750103
425,389,22.5133,0.0,96.7275,0.7962516932457621,0.0,0.528114418744784,"(-0.001, 0.2]",0.0995,0.5918538342656144
425,229,6.95211,26.0513,124.034,0.24588262756374207,0.7581493348699279,0.6772029031515395,"(0.6, 0.8]",0.7,0.7589361709886147
425,333,7.31376,8.24901,253.725,0.25867348562818976,0.2400640829761042,1.3852919893103854,"(0.2, 0.4]",0.30000000000000004,1.5524862536408262
425,349,15.5628,0.0,134.519,0.5504260082549046,0.0,0.7344490811313183,"(-0.001, 0.2]",0.0995,0.8230915296226635
425,307,28.2741,13.8173,62.821,1.0,0.4021133995116656,0.3429911441933894,"(0.4, 0.6]",0.5,0.3843875808058738
425,371,0.0,10.6322,301.711,0.0,0.3094200810786428,1.6472867529286659,"(0.2, 0.4]",0.30000000000000004,1.8461018034179815
425,243,17.6953,15.3081,102.997,0.6258483912838958,0.4454989130339884,0.5623447394738468,"(0.4, 0.6]",0.5,0.6302154957778862
425,331,22.0175,10.2237,118.918,0.7787162102418821,0.29753184504841146,0.6492704809727556,"(0.2, 0.4]",0.30000000000000004,0.7276325167423777
425,391,12.262,5.2383,151.482,0.4336831234239109,0.15244589179231527,0.8270639516197292,"(-0.001, 0.2]",0.0995,0.9268843144113494
425,327,17.9648,8.72854,100.297,0.6353800828319911,0.2540194460693156,0.5476032344146763,"(0.2, 0.4]",0.30000000000000004,0.6136948025674015
425,423,0.0,0.0,215.279,0.0,0.0,1.1753838769011744,"(-0.001, 0.2]",0.0995,1.3172438198740504
425,279,8.32545,16.6399,381.642,0.2944549959149893,0.4842571816877512,2.0836953606636874,"(0.4, 0.6]",0.5,2.335181628976223
425,319,7.12469,22.5248,296.689,0.25198644696029227,0.655520535945544,1.6198675535186087,"(0.6, 0.8]",0.7,1.8153733140464798
425,383,18.6649,0.0,65.9882,0.6601412600224233,0.0,0.36028347560946533,"(-0.001, 0.2]",0.0995,0.4037669658192988
467,560,0.0,12.8247,373.874,0.0,0.4843475600774974,2.435504814978956,"(0.4, 0.6]",0.5,2.2876509827321323
467,452,8.44407,12.9265,164.582,0.41972293743973116,0.4881922177783317,1.0721265813051095,"(0.4, 0.6]",0.5,1.007040270358516
467,372,13.391,20.5214,115.656,0.6656162082094819,0.7750270976611036,0.7534108947966592,"(0.6, 0.8]",0.7,0.707673071834007
467,428,19.6256,18.3424,63.7855,0.975514708075275,0.6927332948112228,0.4155140297957071,"(0.6, 0.8]",0.7,0.39028913954717476
467,730,7.35141,0.0,178.527,0.3654109214542056,0.0,1.1629676524811783,"(-0.001, 0.2]",0.0995,1.0923665914030378
467,474,10.1932,15.6449,164.312,0.5066656062669622,0.5908574190941261,1.070367736613999,"(0.4, 0.6]",0.5,1.0053882010374675
467,406,6.72613,19.7522,126.282,0.33433060611784354,0.7459768942870199,0.8226312047512598,"(0.6, 0.8]",0.7,0.7726911777801588
467,566,6.986,4.17181,89.6871,0.3472477657046853,0.15755580985184092,0.584243258133754,"(-0.001, 0.2]",0.0995,0.548775208902986
467,694,5.95242,0.0,42.5995,0.2958723941505701,0.0,0.2775033496998883,"(-0.001, 0.2]",0.0995,0.26065676682223815
467,502,20.1182,15.1318,73.3669,1.0,0.5714792868122198,0.4779295650675885,"(0.4, 0.6]",0.5,0.44891557285344813
467,606,0.0,5.95242,308.115,0.0,0.2248037071866396,2.0071349333391493,"(0.2, 0.4]",0.30000000000000004,1.8852864402031457
467,510,12.2084,7.22202,132.869,0.6068336133451302,0.27275240479940177,0.865540500974764,"(0.2, 0.4]",0.30000000000000004,0.8129955504384784
467,545,7.83955,8.56498,152.0,0.3896745235657265,0.3234716730303683,0.9901644186993515,"(0.2, 0.4]",0.30000000000000004,0.9300538399976572
467,485,0.0,17.8285,223.019,0.0,0.6733249491092705,1.4527992006178334,"(0.6, 0.8]",0.7,1.3646031404107732
467,469,15.4261,14.1429,109.341,0.7667733693869232,0.5341317229580448,0.7122734717434591,"(0.4, 0.6]",0.5,0.669033006047262
467,669,10.3154,0.0,143.289,0.5127397083238063,0.0,0.9334188775724431,"(-0.001, 0.2]",0.0995,0.876753188680423
467,403,12.1908,22.825,124.281,0.605958783588989,0.8620266406831254,0.8095962113182507,"(0.8, 1.0]",0.9,0.7604475084786109
467,371,0.0,22.0465,312.026,0.0,0.8326252063010088,2.0326121244018673,"(0.8, 1.0]",0.9,1.909216970257296
467,699,18.2464,0.0,185.122,0.906959867184937,0.0,1.2059290626214563,"(-0.001, 0.2]",0.0995,1.1327199142634625
467,551,16.9632,11.9768,48.2983,0.84317682496446,0.45232511150640337,0.3146266983135979,"(0.4, 0.6]",0.5,0.29552644329183453
467,743,14.4966,0.0,4.87845,0.7205714228907159,0.0,0.03177939216055165,"(-0.001, 0.2]",0.0995,0.02985013918247744
467,599,12.9437,0.0,147.687,0.6433826087820977,0.0,0.9620685033187575,"(-0.001, 0.2]",0.0995,0.9036635622877238
467,311,0.0,26.4783,247.129,0.0,1.0,1.6098575172944212,"(0.8, 1.0]",0.9,1.5121268120051383
472_A,768,11.1835,10.6189,82.0071,0.4786555614524662,0.39557668165444176,0.43749845106462737,"(0.2, 0.4]",0.30000000000000004,0.5017830148820518
472_A,2916,18.922,7.2748,121.489,0.8098645803016555,0.2710018216293338,0.648129848773954,"(0.2, 0.4]",0.30000000000000004,0.743363887943917
472_A,2516,14.4088,19.4289,65.8703,0.6166989094519868,0.7237679788109863,0.3514104781313121,"(0.6, 0.8]",0.7,0.4030455622157742
472_A,1492,8.17395,15.979,255.057,0.34984634743455856,0.5952518430493106,1.3606997739609212,"(0.4, 0.6]",0.5,1.5606364622913318
472_A,3124,14.7489,10.7128,45.4934,0.6312552430192944,0.3990746570009797,0.24270205913467882,"(0.2, 0.4]",0.30000000000000004,0.27836389055624616
472_A,1500,10.7313,22.7244,176.376,0.4593013302288952,0.846532385142359,0.940945684031928,"(0.8, 1.0]",0.9,1.0792051058120185
472_A,2194,16.3609,0.0,180.196,0.7002490969166767,0.0,0.9613249448894253,"(-0.001, 0.2]",0.0995,1.1025788273172226
472_A,4434,10.695,0.0,72.7477,0.457747684511479,0.0,0.3881006165138652,"(-0.001, 0.2]",0.0995,0.4451268272105103
472_A,1334,0.0,6.29422,190.312,0.0,0.23447312444820276,1.015292641966505,"(0.2, 0.4]",0.30000000000000004,1.1644763578791721
472_A,1550,17.5293,13.3174,136.376,0.7502568009450274,0.4961015642170905,0.7275502823827403,"(0.4, 0.6]",0.5,0.8344540952863191
472_A,4529,6.29422,0.0,77.4698,0.2693936073684751,0.0,0.41329247716705597,"(-0.001, 0.2]",0.0995,0.47402029588059547
472_A,2473,10.7582,5.05585,106.128,0.46045265446576844,0.18834119974221525,0.5661806796556247,"(-0.001, 0.2]",0.0995,0.6493733811267853
472_A,4713,20.577,11.9943,87.234,0.8806988409717349,0.4468132662298233,0.46538336168663086,"(0.4, 0.6]",0.5,0.5337652413049713
472_A,3557,0.0,18.3764,530.562,0.0,0.684560108180196,2.8304872772449072,"(0.6, 0.8]",0.7,3.2463896411634017
472_A,1165,6.13057,8.0892,144.878,0.26238936159285065,0.3013399592461658,0.7729074750032751,"(0.2, 0.4]",0.30000000000000004,0.8864759225735563
472_A,1645,23.3644,11.7172,62.7185,1.0,0.43649070000484275,0.3345959874583644,"(0.4, 0.6]",0.5,0.38376040634140174
472_A,2851,15.9878,7.49302,166.529,0.684280358151718,0.27913098222700705,0.8884130710309391,"(0.2, 0.4]",0.30000000000000004,1.0189535257958544
472_A,1379,0.0,11.6822,380.577,0.0,0.43518687532828443,2.030334544336072,"(0.4, 0.6]",0.5,2.3286651333209765
472_A,4691,5.94209,26.3471,428.288,0.2543223879063875,0.9814856895928714,2.284867244538182,"(0.8, 1.0]",0.9,2.6205980199007675
472_A,4435,0.0,26.8441,699.613,0.0,1.0,3.732354928349828,"(0.8, 1.0]",0.9,4.280774718172902
472_A,3307,13.5745,15.2584,63.9238,0.580990738045916,0.568407955565655,0.3410261243985585,"(0.4, 0.6]",0.5,0.39113536616606737
472_A,2843,14.3994,5.22718,49.9546,0.6162965879714437,0.19472360779463643,0.2665020482806127,"(-0.001, 0.2]",0.0995,0.3056609707601774
472_B,4128,22.9733,9.34991,166.98,0.7354586111849203,0.2966285540249868,1.0119030855782178,"(0.2, 0.4]",0.30000000000000004,1.0217130934395315
472_B,3624,5.5391,0.0,112.049,0.17732667023085028,0.0,0.6790198157620897,"(-0.001, 0.2]",0.0995,0.6856026494598519
472_B,4164,18.099,17.6326,77.8427,0.579414598853272,0.5593992500142764,0.47172875984991935,"(0.4, 0.6]",0.5,0.47630198717622124
472_B,3684,0.0,15.7809,438.098,0.0,0.5006535408589938,2.6548851238809803,"(0.4, 0.6]",0.5,2.680623205232195
472_B,3556,0.0,8.26455,496.584,0.0,0.262195199329962,3.009311784936961,"(0.2, 0.4]",0.30000000000000004,3.038485895272346
472_B,3916,13.947,0.0,87.0121,0.4464940278582565,0.0,0.5272955591845757,"(-0.001, 0.2]",0.0995,0.53240748507408
472_B,3884,8.8635,14.2765,305.814,0.28375276517685927,0.452926022981796,1.8532406887831905,"(0.4, 0.6]",0.5,1.871207138322655
472_B,3740,6.34841,5.42998,79.9358,0.2032356170786287,0.1722676598795708,0.4844129995697886,"(-0.001, 0.2]",0.0995,0.4891091956795048
472_B,4274,27.252,13.636,105.78,0.8724353084672837,0.4326059783125955,0.6410295148668337,"(0.4, 0.6]",0.5,0.6472440473352117
472_B,3978,8.83378,20.1084,132.722,0.28280132024189497,0.6379447091743177,0.8042987263391558,"(0.6, 0.8]",0.7,0.8120960904747965
472_B,4026,16.9441,12.1391,73.1497,0.5424420633421584,0.38511640006852654,0.443289059403048,"(0.2, 0.4]",0.30000000000000004,0.44758657486629355
472_B,3814,10.0768,5.83592,157.103,0.32259489638790273,0.18514622183587875,0.9520482120828528,"(-0.001, 0.2]",0.0995,0.9612779501654733
472_B,4406,27.8014,18.4508,66.5984,0.8900235940416241,0.5853568777244088,0.40358801326250077,"(0.4, 0.6]",0.5,0.4075006424848682
472_B,4278,0.0,31.5206,541.389,0.0,1.0,3.2808312348670845,"(0.8, 1.0]",0.9,3.312637620937445
472_B,4046,0.0,27.9537,447.1,0.0,0.8868390830123792,2.709437474919279,"(0.8, 1.0]",0.9,2.735704420151004
472_B,3566,0.0,0.0,264.098,0.0,0.0,1.6004406581329271,"(-0.001, 0.2]",0.0995,1.6159563094454032
472_B,3841,0.0,21.6016,461.799,0.0,0.6853169038660432,2.7985137921723284,"(0.6, 0.8]",0.7,2.825644297743935
472_B,3985,15.2351,5.74476,48.5206,0.48773077821921007,0.1822541449084091,0.29403608129181025,"(-0.001, 0.2]",0.0995,0.29688664703283113
472_B,4177,24.5182,15.1676,34.0343,0.7849164604455656,0.4811964239259405,0.20624873149775266,"(0.4, 0.6]",0.5,0.20824823293837016
472_B,4049,18.7088,3.99947,158.565,0.5989365073775399,0.1268843232679581,0.9609079696054025,"(-0.001, 0.2]",0.0995,0.9702235996001876
472_B,4217,16.0045,21.4535,137.888,0.5123620612932864,0.6806183892438594,0.8356048189256756,"(0.6, 0.8]",0.7,0.8437056834841905
472_B,3833,10.8281,0.0,103.581,0.3466467328495007,0.0,0.6277035184290177,"(-0.001, 0.2]",0.0995,0.6337888605315615
472_B,4165,7.98662,22.3684,160.938,0.255680657687912,0.7096438519571328,0.9752884105089664,"(0.6, 0.8]",0.7,0.9847434532996246
472_B,3813,15.9641,0.0,33.0273,0.5110687108433349,0.0,0.20014628565287743,"(-0.001, 0.2]",0.0995,0.20208662624838566
472_B,3797,7.84354,7.8912,141.845,0.25110014822308374,0.2503505643928098,0.859584340482946,"(0.2, 0.4]",0.30000000000000004,0.8679176772004453
472_B,4405,31.2367,17.6207,88.9057,1.0,0.559021719129712,0.5387708237842338,"(0.4, 0.6]",0.5,0.5439939979123665
472_B,4237,26.0693,14.361,75.097,0.8345727941812034,0.4556068095150473,0.4550897473809284,"(0.4, 0.6]",0.5,0.4595016659362109
472_B,3933,18.7478,0.0,99.5204,0.6001850387524932,0.0,0.6030961782128307,"(-0.001, 0.2]",0.0995,0.608942961698045
472_B,4061,14.4428,21.2888,141.861,0.46236638313266126,0.6753932349003507,0.8596813008935894,"(0.6, 0.8]",0.7,0.8680155776046555
472_B,3923,12.2561,7.45116,130.455,0.39236218934778644,0.23639017023787617,0.790560648156105,"(0.2, 0.4]",0.30000000000000004,0.7982248269532526
472_B,4123,21.5629,12.2122,130.42,0.6903065944866135,0.387435518359422,0.7903485472578222,"(0.2, 0.4]",0.30000000000000004,0.7980106698190425
472_B,3995,18.9433,4.99624,79.745,0.6064437024397584,0.15850713501646543,0.48325674667286495,"(-0.001, 0.2]",0.0995,0.48794173335929725
472_B,3771,6.57479,0.0,113.107,0.2104828615058569,0.0,0.685431322915891,"(-0.001, 0.2]",0.0995,0.6920763136882567
472_B,4183,12.3594,23.1292,78.7427,0.39566919681016244,0.7337804483417194,0.4771827829486162,"(0.6, 0.8]",0.7,0.4818088849130495
472_B,4151,23.234,9.61803,88.1754,0.7438045632221074,0.3051347372829197,0.5343451870409246,"(0.2, 0.4]",0.30000000000000004,0.5395254563376936
472_B,4031,18.3769,5.39303,82.0858,0.5883111852404384,0.17109541062035621,0.49744205475000886,"(-0.001, 0.2]",0.0995,0.5022645624952612
472_C,4224,17.9018,11.1788,69.4247,0.6728381141379518,0.34781580584940885,0.40537140170876124,"(0.2, 0.4]",0.30000000000000004,0.42479413701108787
472_C,320,0.0,11.9649,297.438,0.0,0.3722744243932794,1.7367429600913005,"(0.2, 0.4]",0.30000000000000004,1.8199562767185735
472_C,3232,5.85495,0.0,222.823,0.22005795598051595,0.0,1.3010653534397887,"(-0.001, 0.2]",0.0995,1.3634038604591974
472_C,2976,18.8452,11.6774,62.775,0.7082957483913644,0.3633291848164281,0.36654374800708517,"(0.2, 0.4]",0.30000000000000004,0.3841061171437693
472_C,3888,18.0134,0.0,62.213,0.6770325936616753,0.0,0.3632622253248075,"(-0.001, 0.2]",0.0995,0.3806673654458832
472_C,3184,18.5727,19.5566,57.1482,0.698053851704853,0.6084816428126945,0.3336888159276544,"(0.6, 0.8]",0.7,0.3496769924931192
472_C,536,20.1224,8.54294,120.702,0.7562992362739791,0.265803982576229,0.7047799836232767,"(0.2, 0.4]",0.30000000000000004,0.7385484118118238
472_C,948,8.2076,23.9324,207.69,0.30848216970352993,0.7446297448662104,1.2127036403598808,"(0.6, 0.8]",0.7,1.270808434402062
472_C,204,0.0,17.2926,320.456,0.0,0.5380398257622899,1.871145253864731,"(0.4, 0.6]",0.5,1.9607982457255873
472_C,1244,15.4357,7.62907,83.1292,0.5801498887485718,0.23736994399502176,0.4853920913871857,"(0.2, 0.4]",0.30000000000000004,0.5086488926048239
472_C,252,0.0,32.14,656.855,0.0,1.0,3.8353818175578485,"(0.8, 1.0]",0.9,4.019148125471455
472_C,706,15.2519,20.9983,151.3,0.5732417764146972,0.6533385189794648,0.8834419605491356,"(0.6, 0.8]",0.7,0.9257706973134575
472_C,1426,0.0,0.0,286.958,0.0,0.0,1.6755501527776528,"(-0.001, 0.2]",0.0995,1.7558315119608405
472_C,3794,21.4741,5.19842,60.1609,0.8071028023332731,0.16174299937772244,0.35127999632782875,"(-0.001, 0.2]",0.0995,0.3681110267283885
472_C,2290,0.0,22.4729,331.151,0.0,0.6992190416925949,1.9335934479696417,"(0.6, 0.8]",0.7,2.0262385471648963
472_C,3826,8.66882,18.235,306.184,0.3258170966384028,0.5673615432482887,1.7878109269582059,"(0.4, 0.6]",0.5,1.8734710851700178
472_C,3498,14.5647,0.0,98.0669,0.5474134042937038,0.0,0.5726134461399606,"(-0.001, 0.2]",0.0995,0.6000493218530675
472_C,3546,8.58266,12.6457,244.675,0.3225787780383667,0.3934567517112632,1.4286593634987426,"(0.2, 0.4]",0.30000000000000004,1.4971113375093867
472_C,2554,11.9796,6.00002,67.2336,0.4502525708100306,0.1866838830118233,0.39257755055371024,"(-0.001, 0.2]",0.0995,0.41138728853201634
472_C,4726,26.6064,15.027,68.1466,1.0,0.467548226509023,0.3979085651603287,"(0.4, 0.6]",0.5,0.4169737303472655
472_C,1822,7.67552,8.74112,72.3804,0.2884839737807445,0.2719701306782825,0.4226297586340426,"(0.2, 0.4]",0.30000000000000004,0.44287940105635804
472_C,1745,25.5637,13.9842,63.218,0.9608101810090806,0.43510267579340384,0.36913042869791973,"(0.4, 0.6]",0.5,0.38681673458534144
472_C,4617,22.7369,14.9124,73.3527,0.8545650670515363,0.46398257622899813,0.4283070264347163,"(0.4, 0.6]",0.5,0.4488286862447115
472_C,485,0.0,26.9039,365.416,0.0,0.8370846297448662,2.133667068446946,"(0.8, 1.0]",0.9,2.2358983815564732
472_C,3453,14.0018,10.7109,57.856,0.5262568404594383,0.3332576228998133,0.33782166602465824,"(0.2, 0.4]",0.30000000000000004,0.3540078616243714
472_C,523,12.4433,5.72037,84.0573,0.46768070840098624,0.17798288736776602,0.4908112750196091,"(-0.001, 0.2]",0.0995,0.5143277279265466
472_C,3179,17.7636,14.4727,89.2799,0.6676438751578567,0.45030180460485375,0.5213060799314657,"(0.4, 0.6]",0.5,0.5462836436158345
472_C,2011,8.19864,5.95827,164.241,0.30814540862348905,0.18538487865588052,0.9590045673664943,"(-0.001, 0.2]",0.0995,1.0049537679937843
472_C,775,14.056,13.6489,133.689,0.5282939443141499,0.4246701929060361,0.7806111848238823,"(0.4, 0.6]",0.5,0.8180129461542552
472_C,1615,0.0,6.25378,334.285,0.0,0.19457934038581207,1.9518929000804217,"(-0.001, 0.2]",0.0995,2.045414788839585
472_C,4703,10.3686,0.0,96.8153,0.389703229298214,0.0,0.5653053433123114,"(-0.001, 0.2]",0.0995,0.5923910627337182
490_B,3488,18.7875,13.3274,97.4574,0.6994601638123604,0.4561163340668668,0.6478917305097008,"(0.4, 0.6]",0.5,0.5963199283301821
490_B,3640,22.6978,18.5335,40.6343,0.8450409530900969,0.6342896647079157,0.27013471470663425,"(0.6, 0.8]",0.7,0.24863214967511058
490_B,3668,8.00812,20.9283,173.581,0.29814296351451974,0.7162491914590698,1.1539574672996034,"(0.6, 0.8]",0.7,1.062103128951535
490_B,3138,10.0354,0.0,71.7478,0.3736187639612807,0.0,0.47697564579256074,"(-0.001, 0.2]",0.0995,0.4390086638248941
490_B,3378,0.0,20.3565,340.51,0.0,0.6966799341531111,2.2636927842919903,"(0.6, 0.8]",0.7,2.0835041648526462
490_B,2970,11.0972,0.0,73.6598,0.41314966492926286,0.0,0.48968652242927124,"(-0.001, 0.2]",0.0995,0.4507077621280226
490_B,3162,6.86238,6.57493,232.095,0.2554869694713328,0.225020106573395,1.54295549842956,"(0.2, 0.4]",0.30000000000000004,1.4201371446990543
490_B,3674,0.0,27.2361,296.639,0.0,0.9321270530094835,1.9720406561909833,"(0.8, 1.0]",0.9,1.8150673752833226
490_B,3034,5.44526,0.0,174.435,0.20272747580044678,0.0,1.15963481491872,"(-0.001, 0.2]",0.0995,1.0673285630262588
490_B,3322,18.3279,4.95422,49.8787,0.68234921816828,0.16955300092746917,0.3315910054913656,"(-0.001, 0.2]",0.0995,0.30519655571770493
490_B,3382,23.499,8.25943,102.271,0.8748696947133283,0.2826703582905819,0.6798922931553438,"(0.2, 0.4]",0.30000000000000004,0.6257732649368447
490_B,3406,13.3585,11.4101,129.003,0.4973380491437081,0.39049874569205967,0.8576052399401474,"(0.2, 0.4]",0.30000000000000004,0.7893403652711695
490_B,2894,0.0,0.0,144.855,0.0,0.0,0.9629885121394856,"(-0.001, 0.2]",0.0995,0.8863351907425041
490_B,3182,0.0,13.4373,338.981,0.0,0.4598775466900302,2.253528071751441,"(0.4, 0.6]",0.5,2.0741485574753016
490_B,3582,0.0,22.5393,271.603,0.0,0.7713839825047144,1.8056026292680316,"(0.6, 0.8]",0.7,1.6618777177952875
490_B,3625,19.6373,19.4457,83.4506,0.7310982874162323,0.6655087561988138,0.554775252018552,"(0.6, 0.8]",0.7,0.510615466974398
490_B,3609,7.36155,25.773,204.331,0.2740711094564408,0.8820539848661672,1.358381869275988,"(0.8, 1.0]",0.9,1.2502554682931664
490_B,3477,7.92668,14.6127,154.579,0.2951109456440804,0.5001043830618803,1.0276331588002454,"(0.4, 0.6]",0.5,0.9458341614013017
490_B,3797,14.076,25.007,106.578,0.5240506329113924,0.855838435554582,0.7085250053281013,"(0.8, 1.0]",0.9,0.6521268299951994
490_B,3405,15.0247,8.1029,39.3864,0.5593708116157855,0.27731328265906435,0.2618387403578105,"(0.2, 0.4]",0.30000000000000004,0.24099653002423504
490_B,3789,0.0,29.2193,274.91,0.0,1.0,1.8275873934090368,"(0.8, 1.0]",0.9,1.6821125075905
490_B,3165,13.3737,0.0,78.4747,0.4979039463886821,0.0,0.5216957274073556,"(-0.001, 0.2]",0.0995,0.4801690531425273
490_B,3619,23.8507,14.0137,96.7209,0.887963514519732,0.47960423418767734,0.6429955167843152,"(0.4, 0.6]",0.5,0.5918134503488777
490_B,2971,0.0,6.44219,274.735,0.0,0.22047721882454405,1.82642400250348,"(0.2, 0.4]",0.30000000000000004,1.6810417219194498
490_B,3419,26.86,9.32068,45.5032,1.0,0.31899053023173035,0.30250290887843323,"(0.2, 0.4]",0.30000000000000004,0.27842385455382496
490_B,3127,17.6007,0.0,160.524,0.6552755026061058,0.0,1.0671552098490131,"(-0.001, 0.2]",0.0995,0.9822102803406837
490_B,3191,21.7413,0.0,142.55,0.8094303797468354,0.0,0.9476649919262966,"(-0.001, 0.2]",0.0995,0.8722314137609608
490_B,3279,11.6593,4.7375,75.6086,0.4340766939687267,0.16213598546166402,0.5026420435535501,"(-0.001, 0.2]",0.0995,0.46263203136083464
490_B,3375,23.5799,5.00436,87.5459,0.8778816083395383,0.1712689900168724,0.5820005935929875,"(-0.001, 0.2]",0.0995,0.5356736873095455
