Label,Value,Volume (µm³),Center_X,Center_Y,Center_Z
3072,81.6962,81.6962,-0.635004,-4.05725,45.6901
2560,288.582,288.582,-9.89812,36.5639,7.94696
3328,48.6444,48.6444,3.46758,50.5804,-16.5094
2816,176.004,176.004,-4.73414,30.8183,17.8569
2432,171.799,171.799,-16.337,-13.9853,32.9434
3456,121.998,121.998,6.60766,3.48754,13.4532
3136,347.153,347.153,4.27316,-16.0357,32.5198
2880,216.228,216.228,-4.89035,11.1802,15.9691
3264,149.208,149.208,3.22353,1.84389,14.1729
2752,115.564,115.564,-9.12406,-6.76778,39.711
2592,61.1131,61.1131,-11.7202,43.9426,-6.93381
3232,248.416,248.416,3.87226,-12.7871,27.344
3744,93.5335,93.5335,14.9809,-4.61574,25.3127
2464,106.689,106.689,-15.2556,60.38,-15.0426
2976,93.1463,93.1463,-3.18618,-14.0235,3.61042
3168,73.7394,73.7394,0.397086,-7.3532,37.3766
2656,64.115,64.115,-10.7207,39.6776,-17.8885
3680,362.917,362.917,14.3929,36.5307,-25.5067
2912,306.327,306.327,-3.76782,14.5176,-24.2448
2784,617.062,617.062,-5.40761,25.1881,-35.5581
3040,8.52972,8.52972,-3.33204,26.6861,-18.2275
2576,33.0809,33.0809,-12.7618,-1.8595,23.4369
3600,168.111,168.111,11.0704,16.8425,6.12568
2832,145.634,145.634,-4.61388,35.5627,-27.8626
2704,140.175,140.175,-9.74685,2.28987,3.65297
3728,400.761,400.761,16.255,47.7984,-4.86418
3472,76.4191,76.4191,7.44821,23.6947,-18.4143
2640,49.3999,49.3999,-9.72176,50.5654,-5.0624
3408,94.4244,94.4244,5.97165,-12.8243,18.8984
2896,86.6464,86.6464,-4.34296,18.8991,-18.635
3280,87.8104,87.8104,3.54893,23.4769,-4.07114
2768,-184.194,-184.194,-5.68304,-16.5907,15.2622
2512,296.895,296.895,-12.5272,12.483,-9.91128
3024,113.121,113.121,-1.09375,35.9327,1.29711
48,53.3218,53.3218,106.901,-90.6049,91.8758
3120,173.522,173.522,-0.179907,40.4696,14.8451
3632,122.552,122.552,12.4777,-2.21839,23.3541
2224,96.3875,96.3875,-23.8317,-11.5234,18.96
2736,100.964,100.964,-8.97428,39.4251,-13.0873
2480,99.7683,99.7683,-15.7656,50.4128,-9.55217
3184,50.0415,50.0415,0.931474,31.549,-17.71
2672,118.133,118.133,-10.4914,9.39625,14.3807
3440,86.0767,86.0767,7.40007,45.5654,-0.194276
3312,121.653,121.653,3.5997,27.242,-19.8839
2800,173.89,173.89,-6.12186,17.5993,-14.6539
2544,142.399,142.399,-13.556,19.6874,-6.07841
3568,134.512,134.512,10.9536,49.9726,-6.00976
3056,382.189,382.189,0.953249,42.3514,-15.2043
2312,230.424,230.424,-19.2724,23.9152,5.32741
2824,89.5896,89.5896,-6.03519,-0.337782,26.5879
3208,16.4408,16.4408,0.825917,39.7106,-4.597
2696,133.915,133.915,-8.64952,35.2905,-2.72918
2440,100.086,100.086,-16.0197,8.03732,13.9458
3464,158.31,158.31,6.83256,36.1098,-11.466
2952,334.003,334.003,-1.00106,32.3672,-32.1065
3976,90.4867,90.4867,24.117,-9.91116,25.5786
2120,197.959,197.959,-27.7693,-9.41647,22.967
2376,98.7676,98.7676,-17.3676,-6.90017,20.5146
3400,143.087,143.087,6.89801,29.4965,-23.6669
2888,57.9337,57.9337,-4.14124,40.259,-4.2705
2760,92.4459,92.4459,-7.70664,-16.3567,22.8505
3784,200.494,200.494,17.8844,-10.2122,27.852
2504,144.111,144.111,-13.7253,-5.39549,41.6487
3112,84.6472,84.6472,1.0366,-3.8972,29.9038
2600,185.63,185.63,-11.307,5.02224,9.87888
3624,52.2145,52.2145,11.7819,28.4364,-15.3525
2344,291.16,291.16,-16.6585,29.1935,-32.6852
2856,72.0635,72.0635,-6.11177,23.4311,2.03915
2728,142.115,142.115,-7.01117,45.4057,-0.270303
2472,129.716,129.716,-13.8938,32.533,-20.5157
3176,149.388,149.388,1.63467,-10.6863,21.0384
2664,150.758,150.758,-9.21117,17.5076,10.2635
3688,140.252,140.252,13.6236,36.8366,-11.6779
2408,487.788,487.788,-14.1173,19.6611,-20.4461
2920,149.122,149.122,-4.07226,14.4072,21.3534
2280,116.327,116.327,-20.9563,-8.26766,30.2044
3304,29.5402,29.5402,3.14633,45.7447,-6.21342
2792,207.299,207.299,-6.56364,-11.6752,25.7095
2536,205.701,205.701,-12.4892,39.8266,-5.09707
3048,183.697,183.697,-0.850361,45.0371,-28.9585
2584,95.196,95.196,-10.5108,54.3204,-6.56591
3352,154.017,154.017,5.69873,11.7106,21.6478
2840,5.91912,5.91912,-7.75305,6.35486,-0.385274
3864,599.012,599.012,21.0266,39.1573,-28.3163
2712,170.123,170.123,-8.57269,-6.26652,21.4376
2456,125.765,125.765,-15.1075,34.8956,-5.13722
3480,127.693,127.693,8.57309,36.0925,2.08135
3672,131.106,131.106,12.8023,-14.5066,16.9483
2904,129.576,129.576,-4.88619,-4.83241,14.1491
2776,61.0012,61.0012,-7.45515,41.4999,-22.1591
3800,66.5527,66.5527,17.6917,-5.85874,23.686
2520,130.653,130.653,-13.3159,-10.8752,42.8375
3544,162.707,162.707,10.3943,35.1575,15.0224
3032,94.5191,94.5191,-2.0068,21.7941,-17.5171
3128,139.049,139.049,-0.540794,-2.64586,16.2355
2616,63.8406,63.8406,-10.6813,23.7641,-3.46364
3640,104.564,104.564,12.1211,25.1997,-3.90515
2360,0.0891158,0.0891158,-20.5163,-8.31487,42.3833
2872,45.7743,45.7743,-6.32424,7.8514,8.01553
2744,465.236,465.236,-3.05216,32.8352,-39.2606
2488,116.367,116.367,-15.0904,41.6015,1.6013
3000,83.5308,83.5308,-3.67705,-10.9454,21.5747
2680,105.107,105.107,-9.86051,1.65451,22.9474
3704,298.103,298.103,15.1201,41.9771,9.24631
3448,182.908,182.908,8.29587,52.8752,-6.14991
2936,97.2308,97.2308,-4.07269,-9.96154,29.5694
2808,100.309,100.309,-5.93518,3.59277,25.1375
2552,-156.329,-156.329,-8.62423,-16.5178,7.32825
3576,238.833,238.833,10.722,19.9787,-14.1253
3076,221.19,221.19,-0.28346,31.8929,7.04769
2564,330.263,330.263,-11.1689,17.4138,2.98643
3588,248.28,248.28,10.9863,30.5679,-27.6259
2308,204.98,204.98,-19.0111,27.9416,3.92226
3844,168.762,168.762,18.0281,-5.47253,38.6423
3204,101.502,101.502,2.78336,30.8324,-7.80797
3716,196.601,196.601,14.5324,21.9594,-7.22866
3460,151.844,151.844,7.90692,26.6638,-14.0432
2116,149.097,149.097,-28.5574,-8.64263,36.3051
3652,147.259,147.259,12.962,-4.20411,14.9352
2884,-19.4172,-19.4172,0.292339,-17.4312,6.84909
3268,102.165,102.165,3.99578,35.665,-27.4867
2500,142.877,142.877,-13.094,29.1401,13.1475
3524,186.659,186.659,8.52526,20.9001,-1.20581
3108,145.664,145.664,0.944342,5.69103,26.5842
3364,183.365,183.365,6.89045,33.9119,9.16488
2980,72.3214,72.3214,-4.22362,53.4673,-13.6129
3172,91.8296,91.8296,0.263739,32.439,-1.43202
2660,542.386,542.386,-6.78974,-18.1705,36.5578
3684,94.9336,94.9336,12.7045,-5.18631,40.715
3428,155.734,155.734,7.35156,-0.190675,27.7072
2276,301.927,301.927,-15.8,-14.6795,46.0346
3300,29.547,29.547,2.46988,-5.74495,18.6955
3556,98.1594,98.1594,9.84901,19.7102,-4.38066
3092,117.365,117.365,-1.50681,31.8792,-24.7233
3348,83.7213,83.7213,5.54714,-3.14927,46.5699
3220,219.388,219.388,2.79736,18.7188,20.2327
2964,378.511,378.511,-2.0219,19.3421,-31.9116
1940,435.619,435.619,-34.9659,-11.0808,40.0757
3988,398.308,398.308,24.8025,48.2329,-12.9534
3156,165.256,165.256,0.301239,-8.36628,9.61329
3668,334.608,334.608,15.0685,44.3245,-24.2095
2772,143.745,143.745,-7.71141,9.42184,2.8492
3540,153.618,153.618,10.0192,6.10517,16.2424
3028,11.7545,11.7545,-3.95593,-16.1571,21.9664
2356,146.046,146.046,-18.3123,18.1301,1.59799
3380,69.3449,69.3449,4.83981,31.434,-14.9531
2740,108.566,108.566,-9.28395,-5.01478,26.9119
3508,73.9592,73.9592,8.56699,8.99228,9.49048
3188,131.073,131.073,1.25953,-0.109933,4.70925
3700,102.835,102.835,14.2132,-15.2645,12.8498
2420,163.637,163.637,-17.0042,5.67562,8.86105
3444,99.9745,99.9745,6.17001,32.3729,-23.2122
2932,148.309,148.309,-3.39974,55.0923,-22.5026
3316,443.815,443.815,5.70161,32.6122,-31.5623
2804,450.676,450.676,-4.87242,44.6939,-14.4666
2548,234.803,234.803,-12.3982,27.9647,6.00683
3060,109.878,109.878,-1.48163,7.19813,-6.09411
3084,60.3153,60.3153,-1.4104,-1.39101,28.351
2572,122.86,122.86,-11.2017,61.6381,-18.2105
3340,75.9443,75.9443,4.23519,-3.15494,14.5311
3852,318.999,318.999,20.3388,29.5246,-2.67984
3212,113.984,113.984,3.74519,6.97305,17.7989
2700,124.541,124.541,-9.10273,-7.9657,35.1903
3468,173.721,173.721,7.97007,-15.2345,13.3908
2956,177.916,177.916,-2.8375,-9.21706,2.75213
1932,272.646,272.646,-35.4884,-15.898,26.645
3148,128.321,128.321,0.583211,-18.8126,13.7346
2380,0.509558,0.509558,-20.0856,-7.5666,42.6065
3404,265.325,265.325,7.06502,42.1261,-21.0577
3916,417.819,417.819,21.3184,52.2503,-17.2439
2252,-64.9499,-64.9499,-16.6001,-15.9778,4.30986
3276,244.721,244.721,4.64254,19.2105,-17.1848
2764,152.151,152.151,-5.60256,42.2052,-33.9154
2508,117.347,117.347,-13.7426,-0.0753335,18.753
3532,193.654,193.654,10.748,22.2192,10.8756
2092,229.044,229.044,-28.076,-14.2356,38.5879
3116,228.2,228.2,0.0776033,-3.88689,12.1895
2860,143.237,143.237,-1.98662,40.5189,3.39629
3884,95.0302,95.0302,19.5461,-10.988,19.8058
3756,264.274,264.274,17.0236,26.6341,0.155402
2476,136.005,136.005,-15.0924,-13.7549,16.5688
2988,110.476,110.476,-2.16068,7.30762,25.5844
3436,291.695,291.695,7.67916,50.6367,-14.2152
2924,143.423,143.423,-4.2748,40.2267,14.1701
2796,137.978,137.978,-6.32932,52.7251,-8.97355
2540,209.232,209.232,-12.6387,22.6159,-12.1848
3100,67.5732,67.5732,-0.208677,23.3158,-0.612465
3612,18.8676,18.8676,10.2598,36.22,-17.5332
2332,398.984,398.984,-17.8741,23.4458,-24.567
2844,297.265,297.265,-3.59677,37.2393,-33.5857
3868,458.882,458.882,22.0663,35.818,-5.94541
3228,7.3407,7.3407,1.03448,33.9134,-15.8982
2972,89.2001,89.2001,-4.14854,23.9321,-9.4859
2652,299.125,299.125,-6.83837,39.7327,-37.6257
2908,81.515,81.515,-4.63378,38.0381,-8.36117
2268,0.970063,0.970063,-23.4315,-3.28428,47.3673
3292,78.1533,78.1533,4.71987,17.7723,-20.1596
2524,171.505,171.505,-12.6778,49.939,-23.544
3036,16.8606,16.8606,-2.57486,43.8693,-3.49277
3132,231.793,231.793,1.89804,14.6468,-10.6128
2620,146.509,146.509,-12.0734,-13.3324,33.4069
3388,332.394,332.394,7.56772,10.1138,-10.4038
2876,129.942,129.942,-4.93823,35.9212,5.96823
3260,129.184,129.184,5.0204,47.992,0.968328
3772,420.412,420.412,17.6167,21.4721,-0.0978156
3516,346.341,346.341,11.6862,19.3952,-28.0935
3196,407.763,407.763,6.29773,42.9523,-32.963
2684,199.495,199.495,-7.77213,39.5205,-29.114
3708,457.136,457.136,16,35.8679,9.39407
2428,-318.672,-318.672,-10.897,-15.8003,4.62628
3452,260.816,260.816,8.83672,-11.6236,38.4056
2940,136.839,136.839,-4.52922,-5.67726,22.9617
2556,-104.539,-104.539,-8.17547,-16.4537,11.9724
3580,200.534,200.534,9.72244,25.3038,-7.97049
3074,103.09,103.09,-0.350665,48.2834,-5.44231
2562,105.503,105.503,-13.0096,-8.1938,37.3313
3586,198.215,198.215,10.9898,41.6456,13.2364
2306,78.2085,78.2085,-20.0175,-10.5605,15.5943
3330,163.256,163.256,6.13131,-6.09132,35.7798
2818,102.259,102.259,-7.28368,4.32157,5.53868
3842,11.0406,11.0406,15.7378,32.4667,-28.5746
3202,106.467,106.467,1.10846,48.3593,-15.1932
2434,84.3349,84.3349,-15.2473,-7.37031,46.1841
2946,43.7372,43.7372,-4.47852,-9.91677,14.7452
3650,72.6595,72.6595,12.1814,39.1758,-20.3206
2882,105.975,105.975,-5.08503,1.67691,14.3183
3906,317.001,317.001,21.3986,51.722,-5.62783
3778,178.861,178.861,16.1407,54.2165,-16.356
3106,264.65,264.65,0.821576,31.7237,13.3686
3618,141.51,141.51,12.3123,52.5949,-26.9694
3362,62.3478,62.3478,4.0363,48.1426,-11.2232
2722,55.8489,55.8489,-8.55368,-8.76453,4.25356
2466,128.145,128.145,-14.8892,-19.1279,8.30457
3490,92.587,92.587,8.0984,10.0685,14.8003
2658,371.018,371.018,-8.52605,30.0225,-29.6728
2402,199.89,199.89,-15.6545,-10.6054,19.999
3426,215.678,215.678,9.09233,47.2397,3.99247
2274,66.8054,66.8054,-22.4128,-7.83079,39.0243
3298,127.793,127.793,4.21675,33.9474,1.03075
2786,86.4559,86.4559,-8.19156,-10.1466,9.08691
2530,233.322,233.322,-12.6107,36.1671,-31.8094
3554,70.4937,70.4937,9.66176,53.9171,-15.0421
3042,-163.134,-163.134,-1.11426,-15.7404,13.5907
3346,69.5674,69.5674,4.15753,35.8401,-16.1704
2834,111.286,111.286,-5.59943,28.018,-1.40099
3218,358.826,358.826,6.30744,44.9645,-37.8285
2706,20.0434,20.0434,-10.1278,-6.36611,47.1036
3474,159.856,159.856,8.89057,4.38314,22.3082
2962,93.8511,93.8511,-3.61843,33.0314,-5.74818
3154,80.1957,80.1957,1.08673,12.9851,-5.38108
2642,87.9907,87.9907,-11.151,29.5435,-3.04902
3666,155.261,155.261,12.2411,50.8968,-14.4555
2386,121.167,121.167,-17.5222,21.7385,8.21565
3922,507.479,507.479,22.9518,35.5215,-21.2463
2258,158.16,158.16,-20.9457,-17.2514,19.2851
3282,236.04,236.04,3.76484,8.04764,-6.07651
3794,214.028,214.028,17.1444,37.5372,-9.92241
2514,96.6708,96.6708,-14.04,57.2269,-9.62232
3026,84.3977,84.3977,-2.77849,-5.5335,43.3896
2002,159.532,159.532,-33.2397,-7.63949,35.1085
3122,36.7581,36.7581,-1.14807,1.22237,9.48363
2610,74.4433,74.4433,-10.0338,37.3531,11.6051
3634,229.715,229.715,12.5101,-19.1674,24.2917
3378,97.0946,97.0946,5.66662,40.6144,-1.02219
3250,119.122,119.122,2.41501,-17.002,19.7408
2738,77.583,77.583,-9.30802,-1.49305,25.0965
2482,81.224,81.224,-15.2241,1.98984,16.719
2994,154.877,154.877,-1.39332,44.1541,10.0654
3186,199.437,199.437,1.31907,13.9307,10.2519
2674,146.179,146.179,-9.26449,-9.44502,45.0939
2418,92.0303,92.0303,-16.5336,38.4783,-24.4827
3442,108.076,108.076,6.7431,25.9209,16.962
2930,57.0316,57.0316,-3.65262,55.4793,-7.34267
3826,423.52,423.52,19.3172,48.5902,2.70859
3570,163.12,163.12,10.4963,-7.12431,26.9047
3058,147.942,147.942,-0.724064,9.52422,-2.45311
2570,104.72,104.72,-12.9007,8.83646,8.93808
3338,58.9084,58.9084,4.80347,37.0153,-3.29678
2826,-198.52,-198.52,-3.69893,-15.7894,10.5588
3210,101.694,101.694,1.41009,19.7843,7.5042
2698,194.474,194.474,-9.45959,8.14207,-5.31929
3466,132.905,132.905,7.80819,7.87099,-2.28058
2954,201.047,201.047,-3.15093,4.82254,0.857061
2634,198.769,198.769,-9.74365,-13.9518,5.74546
2890,3.34981,3.34981,-6.55575,39.8312,-10.8261
3274,104.518,104.518,3.35079,43.2918,2.65018
2506,90.8144,90.8144,-12.6069,32.0025,13.0602
3018,119.33,119.33,-1.5056,27.9564,-4.09636
3114,164.198,164.198,0.741857,18.2759,-6.33749
2346,67.5859,67.5859,-19.2786,-14.2911,14.2017
3882,355.869,355.869,20.671,26.5764,-25.1508
3242,146.277,146.277,2.5615,25.5915,-9.55665
2730,105.45,105.45,-8.91506,-4.27769,44.4856
2474,229.585,229.585,-14.722,25.0286,-3.48745
3498,104.645,104.645,8.2046,-0.485206,17.5084
2986,178.758,178.758,-1.7255,29.3849,3.3247
2666,138.931,138.931,-9.90299,-11.9746,29.4721
2410,188.504,188.504,-16.0048,15.4926,10.5675
3434,101.014,101.014,7.25571,15.2085,-5.64597
1898,350.238,350.238,-36.4039,-14.6017,33.5118
3306,70.0516,70.0516,3.34727,-7.42656,39.3455
3050,283.565,283.565,0.0201575,27.363,-27.9504
3098,195.684,195.684,0.629691,50.8168,-0.0905917
2586,212.025,212.025,-10.742,12.9119,19.8083
3354,131.347,131.347,4.99052,-3.57284,24.3928
2842,208.501,208.501,-5.29078,-12.6258,34.3831
2458,238.106,238.106,-13.5612,-19.2972,32.6332
3482,356.67,356.67,10.0672,13.3839,-19.698
2970,81.3708,81.3708,-2.44161,52.0828,-5.6938
3162,141.233,141.233,1.83647,40.4486,-7.84216
2650,180.654,180.654,-9.33447,60.0671,-12.4147
3290,68.4202,68.4202,2.63711,51.4059,-11.2067
2778,149.418,149.418,-5.03379,-0.944637,20.8605
3546,41.2135,41.2135,17.7675,-26.7615,22.8373
3034,101.152,101.152,-2.16206,-16.3794,18.4554
3130,126.02,126.02,1.50468,46.2168,-2.30717
2618,139.253,139.253,-11.4434,3.96928,-0.533894
3642,128.033,128.033,12.5194,-11.5625,11.5825
2362,-177.122,-177.122,-9.45157,-12.997,10.5563
3386,126.421,126.421,5.27175,21.8738,-12.6126
3898,97.6238,97.6238,19.9652,-5.89447,27.4845
2746,184.843,184.843,-8.70753,-12.7773,14.3867
2490,125.09,125.09,-14.6179,-8.10371,31.5095
3514,106.342,106.342,7.83417,27.6356,-0.0403168
2426,189.004,189.004,-16.0657,11.7567,12.7956
3450,56.4713,56.4713,6.06762,26.9108,-9.68334
3066,49.2937,49.2937,-0.917362,36.3428,-17.1157
2054,-103.98,-103.98,-17.3146,-12.3712,5.59578
3078,184.822,184.822,-0.523609,18.2958,4.17217
2566,237.883,237.883,-10.9222,-13.2373,39.0575
3590,167.532,167.532,11.4127,30.7229,-4.69942
2822,125.146,125.146,-6.42788,34.8633,-11.7531
2694,316.606,316.606,-5.26021,48.083,-18.9285
3718,170.945,170.945,14.4176,-10.9601,22.6054
3462,297.239,297.239,9.39336,11.636,-14.8129
3142,84.772,84.772,0.379603,20.9191,-9.88266
2374,162.4,162.4,-18.0575,35.324,-12.1221
3398,146.106,146.106,6.32048,39.8598,-18.2664
3270,117.841,117.841,2.15929,-17.5285,24.6068
2502,108.247,108.247,-15.0225,-0.192928,6.22988
2086,-167.292,-167.292,-20.1736,-15.4158,7.16784
3110,98.6669,98.6669,-0.883749,-8.46461,23.3526
2598,212.161,212.161,-9.94258,45.8102,2.15643
3366,226.885,226.885,5.02694,-6.30159,10.1815
2854,91.288,91.288,-5.88302,38.3454,2.29403
3238,155.294,155.294,3.51759,22.762,18.2668
3750,191.316,191.316,15.8622,15.2982,-14.7864
3174,331.936,331.936,1.55877,14.1432,-24.5363
2406,148.181,148.181,-17.2649,40.7472,-3.71456
2918,7.0413,7.0413,-5.89528,39.5285,-21.3276
2790,65.5396,65.5396,-6.42578,34.292,1.35715
3558,124.614,124.614,10.4959,0.96327,22.983
3094,81.0457,81.0457,0.0891196,15.1734,-2.35407
3606,370.783,370.783,13.0183,26.1591,10.104
2838,106.513,106.513,-6.79948,26.6082,-6.58399
3222,81.5256,81.5256,1.83245,4.80944,3.54021
2966,6.96848,6.96848,-4.86093,-5.24119,11.4305
3158,76.724,76.724,0.143488,-10.2766,16.7014
3670,5.56493,5.56493,12.1148,-1.79443,47.2967
3414,48.7922,48.7922,5.12087,-13.5738,22.1134
2902,138.004,138.004,-4.3753,17.8883,20.9897
3798,296.492,296.492,17.1373,49.9844,-15.9527
3126,180.253,180.253,0.286481,18.3406,-14.4219
2614,84.4766,84.4766,-10.8121,43.9223,-11.6854
2870,88.0934,88.0934,-5.56958,31.9825,-24.9189
3894,48.3741,48.3741,18.8605,-18.0457,15.1414
3254,79.0136,79.0136,2.18066,39.052,-17.6367
2998,74.4558,74.4558,-2.5054,22.0019,-12.8672
2678,103.331,103.331,-10.3829,35.5145,-12.1261
3446,80.2833,80.2833,6.73006,-2.63924,4.75406
2934,111.795,111.795,-3.93442,10.0505,-13.6248
3318,122.111,122.111,4.94862,14.9512,20.3508
2806,120.557,120.557,-7.47519,29.5022,-9.52353
2550,197.904,197.904,-12.998,9.20149,0.657232
2038,69.8121,69.8121,-32.8592,-8.56132,25.8364
2574,266.711,266.711,-10.1298,24.2537,6.97575
3598,87.4704,87.4704,11.0775,34.4636,-19.3315
2830,73.6286,73.6286,-5.85345,45.135,-3.9066
2446,206.183,206.183,-13.5554,35.9987,-24.5846
3406,162.409,162.409,5.86503,19.6896,2.53105
2894,49.8869,49.8869,-5.29177,41.2173,-7.51035
2766,103.212,103.212,-8.89802,-23.9884,39.1166
2510,169.189,169.189,-11.9952,33.1518,10.8736
3534,136.228,136.228,9.47499,-9.61187,15.5235
2094,253.876,253.876,-28.6785,-17.0102,27.5058
3118,110.205,110.205,-0.0168576,50.2592,-21.9772
3630,111.342,111.342,11.9461,31.2575,-13.5207
2862,149.367,149.367,-5.19748,4.44919,-3.61778
2222,243.993,243.993,-22.4793,-14.4191,23.7278
3182,209.546,209.546,2.2549,36.6761,-22.2589
2670,107.124,107.124,-9.28146,45.1307,-23.3061
3694,90.0499,90.0499,13.3375,39.7089,-13.5855
3438,116.831,116.831,6.26553,-18.4119,22.6966
2926,83.6291,83.6291,-5.58394,-6.43829,40.4123
2798,233.847,233.847,-5.56242,28.4672,11.2054
3566,106.168,106.168,10.4098,10.0514,-4.94287
3102,228.054,228.054,2.74985,-10.8518,44.5539
2590,170.237,170.237,-12.3707,-18.5587,12.889
3614,130.425,130.425,11.1908,1.20816,13.8674
2334,189.795,189.795,-18.4079,17.2738,-6.29173
2846,177.481,177.481,-4.49118,23.9213,-1.36486
3230,233.116,233.116,3.29591,22.5337,-24.8241
2974,262.036,262.036,-1.72368,11.9107,23.4653
2142,119.986,119.986,-26.4813,-6.55748,46.0626
3166,139.188,139.188,1.41112,31.2259,-11.571
3678,74.0584,74.0584,12.3536,47.4811,-17.6026
2398,164.852,164.852,-16.4734,18.9705,9.16656
2910,86.5349,86.5349,-4.81016,-8.19833,6.53394
3294,117.664,117.664,4.1134,3.69179,27.2642
3806,283.016,283.016,16.8284,36.8957,-20.7712
2526,510.683,510.683,-11.3077,21.1775,-30.806
3038,53.866,53.866,-2.51479,34.6749,-13.7417
2014,117.123,117.123,-33.626,-13.21,22.1216
3134,136.956,136.956,0.958985,5.67875,21.501
3646,77.4851,77.4851,11.5274,-4.98268,45.3894
2366,316.288,316.288,-17.4069,27.5202,-15.3705
3390,166.593,166.593,6.17923,-8.23411,27.8963
2878,148.983,148.983,-4.2364,34.0008,10.6602
2238,77.7956,77.7956,-24.5771,-8.5074,36.8634
3262,59.6557,59.6557,2.65732,36.7826,-5.41677
2750,131.453,131.453,-8.47694,23.9159,-12.4189
3518,97.9103,97.9103,8.63955,4.83904,9.49625
3006,55.2386,55.2386,-3.20103,-7.87627,38.2164
2686,87.105,87.105,-8.92785,28.6582,-18.1601
3710,245.413,245.413,15.6461,30.1693,4.74749
2430,84.3503,84.3503,-16.6387,54.6943,-21.5347
3070,35.5404,35.5404,-2.33922,38.0701,-21.5321
2561,162.249,162.249,-11.5247,19.7815,15.9836
3585,211.46,211.46,12.4308,48.8422,-24.9865
2305,129.639,129.639,-19.6628,-8.00098,24.1697
3329,174.775,174.775,5.29499,49.8261,-5.89588
2817,140.402,140.402,-6.82893,11.9108,-4.69803
3841,169.322,169.322,18.1354,38.2479,-16.3965
3201,77.4585,77.4585,1.30361,54.123,-16.7402
2433,421.362,421.362,-14.3303,15.8339,-13.774
3457,138.149,138.149,7.3629,2.60032,4.54951
2945,184.14,184.14,-3.81478,-0.975505,7.63116
2625,188.258,188.258,-9.59607,5.55911,22.6634
2881,93.4058,93.4058,-4.50448,6.99697,19.0431
2753,159.728,159.728,-7.06508,-7.00744,32.2323
3105,236.736,236.736,1.65387,40.5083,-29.4458
2593,108.209,108.209,-11.3121,39.5007,2.37565
3361,323.352,323.352,7.23461,48.1703,-23.8268
2721,128.717,128.717,-8.79442,36.4869,-6.1216
3745,146.269,146.269,15.6413,-17.8144,19.6286
2465,80.9663,80.9663,-15.908,47.6964,-19.3231
3489,94.5016,94.5016,7.4247,41.5285,-12.2758
2977,163.876,163.876,-2.09779,-14.4112,28.7479
2657,80.2585,80.2585,-10.1697,32.2331,-23.8483
2401,61.2972,61.2972,-16.7811,-12.0452,12.6269
3425,48.6137,48.6137,5.08739,44.6006,-14.0881
2913,246.194,246.194,-3.80536,8.68582,-9.33077
2785,212.391,212.391,-6.90001,16.7881,-10.5811
3041,56.3161,56.3161,-2.42268,11.8026,0.640577
2833,106.205,106.205,-6.31358,30.4603,-12.5563
3857,92.5277,92.5277,18.7279,-14.1232,17.0313
2705,127.799,127.799,-9.60215,-5.0193,16.4612
3473,137.276,137.276,8.07285,7.82884,3.87234
2961,88.1863,88.1863,-3.7656,45.3468,-23.8988
1937,245.216,245.216,-35.9603,-13.3994,45.3827
2641,77.6798,77.6798,-10.6406,43.6454,-16.0251
2385,162.369,162.369,-17.3731,32.3407,2.43252
2897,138.737,138.737,-4.72901,-17.7528,13.3795
3921,426.687,426.687,22.6266,43.946,-2.68331
3281,147.954,147.954,3.63511,6.87797,7.63712
3025,100.982,100.982,-2.37458,14.5376,2.16248
3121,23.4254,23.4254,-0.2806,3.67753,7.85962
2353,209.724,209.724,-18.9153,28.9531,-5.40792
3377,12.4598,12.4598,3.68804,41.6355,-19.3409
2225,301.321,301.321,-22.4861,-14.3244,34.2712
3249,87.8722,87.8722,2.6493,-0.91424,28.8934
2737,146.124,146.124,-9.16574,19.9942,-6.15857
2481,301.789,301.789,-13.2603,21.6661,0.695911
3185,105.563,105.563,1.60778,24.9068,-15.1509
2673,103.712,103.712,-9.68163,-6.52701,11.0034
2417,107.794,107.794,-17.6418,51.7696,-14.9078
3441,220.544,220.544,8.54337,25.049,6.08745
2801,58.6376,58.6376,-6.93909,-14.6074,19.3077
2545,187.093,187.093,-12.354,12.5711,-4.21386
3569,95.2671,95.2671,9.38184,-5.6898,39.8562
3057,111.791,111.791,-1.00476,37.8226,-11.595
2057,248.662,248.662,-30.029,-14.5316,32.4993
2569,194.904,194.904,-10.8631,16.4519,17.6918
2825,-196.751,-196.751,-3.17864,-13.3435,5.42521
3209,3.67879,3.67879,-0.00949118,33.6469,-14.0955
2697,142.968,142.968,-9.34297,13.8197,12.1948
3721,311.086,311.086,14.9925,26.8711,-10.4888
3465,174.692,174.692,8.43106,19.005,13.155
2953,68.7283,68.7283,-4.16803,25.3458,-14.9166
2633,179.094,179.094,-10.0749,36.1691,-20.9456
3401,119.272,119.272,6.31231,15.4489,3.80821
2889,87.3335,87.3335,-4.68828,38.9615,-14.7305
2249,337.805,337.805,-22.0928,24.4854,-14.2618
2505,330.751,330.751,-14.0229,36.3556,-13.2504
3017,74.1967,74.1967,-2.82725,29.8253,-17.4931
3113,64.9441,64.9441,-0.443119,34.7411,-4.82666
2601,135.739,135.739,-11.8323,1.15686,10.5873
2345,133.403,133.403,-19.0889,-9.2946,45.0239
3881,407.229,407.229,21.0064,31.7507,-28.3838
3241,274.641,274.641,5.92911,31.4671,17.2286
2729,47.4803,47.4803,-8.64015,36.9817,-16.7592
2473,258.74,258.74,-14.8538,31.1322,-0.960009
3497,138.723,138.723,8.22444,25.6148,-21.6379
2985,50.817,50.817,-3.99861,45.4173,-7.20124
3177,9.55996,9.55996,-0.133259,-13.8429,18.6497
2665,221.21,221.21,-8.69945,10.7684,-15.0195
3689,169.255,169.255,14.5775,33.6746,-3.98969
2409,163.86,163.86,-16.2439,15.441,-1.70982
3433,106.792,106.792,6.31094,19.5721,-8.74121
2921,147.099,147.099,-3.95361,-2.12066,3.68634
2281,80.252,80.252,-21.0339,-9.4535,19.6355
3305,144.414,144.414,3.98065,0.931899,8.59693
3049,55.1804,55.1804,-2.39229,41.6082,-22.37
3097,115.958,115.958,-1.55039,53.0608,-13.7761
2585,313.24,313.24,-10.0425,25.3805,-20.6048
3353,181.397,181.397,5.48886,-0.307577,19.4088
2841,104.285,104.285,-6.79811,-10.0673,18.1204
2201,143.637,143.637,-24.1468,-14.4771,15.6593
2713,13.8519,13.8519,-10.7728,-20.3975,22.1987
2457,117.556,117.556,-15.5568,5.00566,15.6694
3481,35.9425,35.9425,6.89448,31.1294,-5.98417
3161,236.9,236.9,4.32956,47.5193,-33.4677
2393,99.625,99.625,-17.3201,-7.72842,27.4285
2265,376.917,376.917,-19.7819,-13.745,40.5345
2777,163.036,163.036,-4.79101,42.8223,-0.126138
3545,-15.308,-15.308,-23.3285,16.8815,-17.9355
3033,417.884,417.884,2.61237,17.281,-31.0733
2009,126.39,126.39,-32.6831,-7.74206,43.7868
3129,79.243,79.243,0.891956,-7.28793,26.8563
2617,411.412,411.412,-9.14522,17.0307,-25.6718
3641,131.289,131.289,11.4933,-7.00377,20.1544
2361,152.858,152.858,-16.9624,-15.6367,10.4658
3385,93.9097,93.9097,6.5556,39.6594,2.46722
2873,279.112,279.112,-3.61775,-14.6888,8.67325
3897,508.711,508.711,22.5328,33.7046,-11.9529
2745,134.045,134.045,-8.19656,-5.03171,2.53845
2489,291.124,291.124,-13.7626,27.9934,-24.9434
3001,-243.924,-243.924,-1.49596,-15.9251,2.87677
2681,30.9631,30.9631,-10.2825,-17.8043,20.8942
3449,154.481,154.481,7.06973,43.9932,-6.53608
2297,458.094,458.094,-19.3371,20.3355,-12.069
3577,407.351,407.351,13.308,17.7746,-22.1832
3065,98.3782,98.3782,-1.58906,57.3676,-16.3724
2053,195.266,195.266,-30.2783,-9.11242,29.2954
3077,197.993,197.993,-0.0780828,19.2139,14.7549
2565,80.5198,80.5198,-12.1737,-6.27226,28.9515
3589,138.939,138.939,10.5523,32.542,4.54145
2309,-272.511,-272.511,-11.268,-16.5352,18.7342
2821,250.861,250.861,-6.22287,54.5371,-18.5053
2181,152.15,152.15,-25.4479,-9.14813,32.1191
3205,-230.431,-230.431,2.37119,-16.0775,8.99599
2693,171.368,171.368,-8.6179,59.1323,-21.9299
3717,223.13,223.13,14.9937,12.5563,-9.54914
3461,296.298,296.298,7.95635,14.8445,-26.2682
3141,86.1819,86.1819,0.316626,25.976,-19.8827
3397,363.768,363.768,11.4225,49.0796,6.66236
3269,14.2993,14.2993,2.09437,32.3427,-20.6556
2501,205.444,205.444,-12.4403,-17.6204,40.4352
3525,190.317,190.317,9.80328,16.8614,-9.69153
3013,56.3595,56.3595,-2.39466,-6.67034,35.4975
3109,127.193,127.193,-0.254428,-2.59702,20.0951
3365,99.6186,99.6186,5.36786,19.9257,-23.9361
2853,74.3744,74.3744,-5.3511,59.8942,-17.1423
3493,144.098,144.098,8.26677,45.5903,-13.5498
2981,9.69582,9.69582,-3.97535,-12.8567,16.6588
2149,-141.532,-141.532,-18.8179,-15.3016,14.5153
3173,73.508,73.508,1.71512,28.1235,-15.166
2661,15.3666,15.3666,-12.252,-19.1325,22.9408
2405,134.091,134.091,-17.5056,56.2658,-15.4815
3429,83.9127,83.9127,5.89137,-6.76487,41.2065
3301,57.0279,57.0279,3.29703,-7.82914,23.0326
3557,267.572,267.572,10.5142,12.792,0.660261
2021,97.7494,97.7494,-29.9065,-10.5945,18.4108
3093,128.198,128.198,-0.355238,24.9452,4.87522
3605,69.0288,69.0288,10.1414,36.8542,-22.6928
2837,119.878,119.878,-4.53332,57.7502,-10.5123
3861,488.876,488.876,19.3835,43.9865,-14.882
2197,121.089,121.089,-24.5784,-18.7418,12.6048
3221,114.455,114.455,1.85777,7.34989,12.8568
2965,412.733,412.733,-0.529446,11.9032,-19.0126
3157,110.429,110.429,1.63161,-6.06188,42.3419
3669,115.507,115.507,13.0821,0.411159,18.4453
3413,35.8266,35.8266,4.73294,44.9309,-9.42187
2901,170.447,170.447,-3.23757,44.8539,4.80769
2773,163.293,163.293,-6.3535,-13.3465,42.1437
3125,144.93,144.93,1.04363,40.6142,-24.9814
2613,166.235,166.235,-10.5257,54.7723,-24.4219
2357,47.5012,47.5012,-19.4759,-6.70709,40.3454
3381,149.004,149.004,5.2739,13.5906,-2.59401
3509,140.484,140.484,9.31784,-17.5963,9.14204
2997,133.018,133.018,-1.54853,28.2989,-23.5407
2421,101.715,101.715,-17.0172,0.546831,11.4372
3445,184.946,184.946,7.47621,14.4413,14.14
2933,120.787,120.787,-3.30795,34.4483,-22.0637
3317,123.586,123.586,4.56547,31.2955,-3.48032
2805,126.614,126.614,-5.56791,39.0598,-25.0376
2549,157.447,157.447,-11.9309,23.104,15.3233
3061,132.725,132.725,-2.55655,8.60011,10.2549
3085,111.943,111.943,-0.564459,-19.7248,18.3662
2573,38.7106,38.7106,-13.1962,46.6034,-7.39992
3597,141.245,141.245,10.3177,40.024,-12.2781
3341,219.471,219.471,4.80671,-16.5523,16.1259
2189,127.726,127.726,-24.7884,-8.32164,26.9683
3213,92.9976,92.9976,4.41954,-23.147,7.80652
2957,215.254,215.254,-2.34183,-9.88643,45.319
2125,-359.45,-359.45,-16.5665,-14.5143,16.1604
2637,110.308,110.308,-10.1279,-0.888256,14.2597
3661,264.166,264.166,13.2465,19.7399,2.19273
2381,175.132,175.132,-16.4835,-12.9763,27.038
3405,73.6677,73.6677,5.74458,26.4558,-6.099
2893,69.4992,69.4992,-5.31587,49.6441,-24.6389
3277,-101.242,-101.242,2.95539,-17.2616,3.72947
2765,150.249,150.249,-6.07803,2.24813,19.217
3533,80.1249,80.1249,8.22908,-4.26093,14.1542
1997,70.1659,70.1659,-45.1045,-21.6228,23.6079
2093,298.02,298.02,-28.5306,-16.3419,21.5863
3629,82.6841,82.6841,11.3129,33.751,-9.74444
2861,240.216,240.216,-4.43752,21.8105,19.1907
2221,185.644,185.644,-23.594,-5.03268,42.5505
3245,191.257,191.257,3.90882,-17.9076,11.102
3757,64.0529,64.0529,15.3232,-4.03115,18.9052
2989,-87.139,-87.139,-2.46954,-14.5489,14.9702
3181,46.0109,46.0109,0.398293,54.4659,-10.8851
3693,66.3259,66.3259,13.6262,41.6717,-16.8165
3437,66.5808,66.5808,7.19142,-10.6146,7.01466
2925,72.5065,72.5065,-4.48384,-4.06264,17.2328
2797,112.975,112.975,-6.93761,30.4702,6.55172
3821,66.547,66.547,16.8933,-6.68626,19.5798
2541,102.843,102.843,-12.6082,-1.69814,46.1013
3565,92.6553,92.6553,9.81072,40.1944,-0.602091
3101,77.9117,77.9117,-0.408958,-3.70448,24.8043
2589,168.292,168.292,-12.9216,-5.48474,13.7102
3613,239.892,239.892,12.1633,24.9681,-18.3823
2845,124.42,124.42,-5.98778,23.5968,-27.0416
3869,132.48,132.48,19.7923,-6.05047,32.4859
3229,128.569,128.569,2.33374,27.7297,18.2197
2461,182.85,182.85,-15.3538,-5.24956,7.84802
2973,155.57,155.57,-2.75999,23.8755,7.36501
2141,226.376,226.376,-27.0744,-1.25618,44.3594
2653,233.172,233.172,-9.25537,14.1223,-19.2009
2397,2.88833,2.88833,-19.0631,37.2494,-19.2992
2909,100.759,100.759,-5.59554,-4.38048,28.427
2269,138.619,138.619,-21.9327,-21.5421,42.4844
3293,115.51,115.51,4.23695,9.32023,1.58122
2525,124.357,124.357,-13.5746,36.8898,0.204898
3037,306.903,306.903,0.374806,40.9291,8.55312
2013,127.339,127.339,-32.8863,-12.1926,16.727
3133,242.198,242.198,1.39663,10.3966,-14.4128
3645,236.439,236.439,14.1051,27.5179,-23.1064
2365,221.156,221.156,-17.3612,32.0526,-25.5764
3389,159.344,159.344,6.3908,-4.21366,32.0532
2877,38.0477,38.0477,-5.51074,37.4477,-20.4368
2237,304.416,304.416,-22.6855,27.4655,-22.4592
3261,51.1904,51.1904,1.84387,44.8919,-9.33941
2749,132.726,132.726,-7.46111,32.3762,-17.9767
3773,96.2834,96.2834,16.0168,-5.06048,30.468
3517,133.135,133.135,8.96789,13.0281,8.14348
3005,83.7957,83.7957,-3.06531,33.7948,-9.06721
3197,151.177,151.177,2.75866,22.5365,12.1158
2685,183.073,183.073,-9.26178,33.4072,3.3625
3709,422.312,422.312,15.821,41.2602,-3.74175
3581,185.922,185.922,10.6514,-6.57911,10.2254
3075,74.5844,74.5844,-1.68954,42.6298,-6.93914
3587,121.743,121.743,10.9879,41.8187,-5.66073
3843,332.279,332.279,19.642,21.5435,-21.9166
3203,109.352,109.352,1.95031,45.8776,-21.0185
3459,122.112,122.112,7.24669,37.0982,-6.66443
3651,135.738,135.738,12.3971,32.4799,-20.2757
1859,317.796,317.796,-39.759,-7.77484,44.6824
3907,282.764,282.764,21.3567,22.7327,-6.83161
2243,-228.606,-228.606,-14.0889,-14.1193,6.56842
3267,227.238,227.238,4.24682,36.4244,16.8988
2499,106.763,106.763,-13.6971,31.5275,-10.2426
3523,116.031,116.031,9.65093,41.1667,-24.4325
3107,116.12,116.12,-0.659455,24.9519,13.7495
2339,201.964,201.964,-17.0486,33.3724,-32.8323
3363,217.331,217.331,6.23214,40.6662,15.0064
2211,2.2616,2.2616,-26.5506,-12.0257,25.8873
4003,564.915,564.915,25.1474,42.7228,-14.0586
3171,75.1585,75.1585,0.944563,44.6641,-25.6213
2659,30.1816,30.1816,-11.8735,-9.81271,5.51348
3683,131.474,131.474,13.2099,45.2615,-16.0184
3427,152.126,152.126,7.28853,32.7585,-17.1922
3299,99.6637,99.6637,4.20623,11.8556,6.48866
2531,96.2759,96.2759,-14.3054,4.50354,4.38725
3555,950.595,950.595,13.0193,28.2363,-34.23
2019,95.187,95.187,-32.8721,-8.07015,22.1745
2323,100.917,100.917,-19.8575,-7.67563,36.0952
3347,247.544,247.544,5.32659,20.1389,8.36157
3219,233.031,233.031,4.33885,27.6142,11.2394
2707,366.504,366.504,-8.32455,48.7644,-12.1217
3731,90.072,90.072,15.5723,32.2877,-13.3734
3475,-131.36,-131.36,2.54377,-12.8797,9.27068
2963,92.1864,92.1864,-3.75326,31.6162,-2.15093
3155,154.243,154.243,1.30628,10.5811,17.5728
2643,77.7431,77.7431,-10.5365,25.9594,-7.25209
3667,216.811,216.811,14.883,50.8461,-28.4078
2387,77.2685,77.2685,-17.6865,-8.9065,34.4119
3923,203.876,203.876,21.9793,26.6431,-9.09153
2771,61.1649,61.1649,-7.89082,42.9915,-8.02939
2515,152.845,152.845,-12.6761,30.6938,-15.1746
3027,69.0175,69.0175,-2.99237,-12.0454,19.1032
2099,143.249,143.249,-29.4048,-5.76452,39.5755
3123,189.56,189.56,0.611059,-10.6633,32.4125
2611,133.59,133.59,-11.0779,-18.9204,16.8024
3379,512.003,512.003,7.74802,36.7672,-39.2301
2739,174.433,174.433,-8.50069,-2.76818,7.70204
3763,123.029,123.029,15.6487,-9.62138,16.0654
3507,98.6052,98.6052,8.47334,30.8479,-10.1895
2995,123.928,123.928,-3.24756,19.1178,9.57933
2163,191.333,191.333,-25.6717,-10.2729,44.0401
3187,8.68642,8.68642,-0.0788129,7.91536,9.2524
2675,-176.653,-176.653,-7.10448,-15.0609,19.3159
3699,321.168,321.168,15.1772,15.0425,-3.95086
2419,223.643,223.643,-16.5566,12.1988,4.32883
3443,194.532,194.532,7.38641,-7.19904,20.8781
3315,314.793,314.793,6.95047,45.7128,12.3062
3827,465.611,465.611,20.6862,28.5773,-17.0811
2547,552.642,552.642,-10.9622,54.4095,-16.6139
3571,132.331,132.331,9.8696,-14.6411,19.1856
3059,60.9371,60.9371,0.455041,10.0729,26.1524
2035,58.9649,58.9649,-32.2593,-4.49613,46.6107
3083,113.463,113.463,-0.4964,24.5717,-5.3581
2571,-58.9206,-58.9206,-8.08249,-16.5711,13.9166
3339,74.9369,74.9369,4.33665,28.2559,2.54937
3211,163.548,163.548,1.76668,11.8063,1.8635
2699,8.93615,8.93615,-11.7405,-3.2291,6.81694
3467,6.49967,6.49967,5.57292,-4.52372,44.1068
2955,213.129,213.129,-3.38041,-9.88861,11.5664
3147,850.263,850.263,2.89511,26.6847,-35.7425
2379,223.964,223.964,-18.0298,40.2743,-13.7751
3403,41.5052,41.5052,4.63007,45.8852,-17.9152
2891,78.4008,78.4008,-5.97426,12.8023,5.5823
2251,-3.45051,-3.45051,235.684,137.975,-358.805
3275,92.2459,92.2459,2.65639,32.348,-25.0503
2507,243.68,243.68,-14.0112,27.8347,-11.0934
3531,324.654,324.654,10.6761,37.1922,-31.2181
3019,97.512,97.512,-1.76335,1.6403,27.7041
3115,174.397,174.397,0.497808,14.7345,15.7745
2347,-159.426,-159.426,-7.6723,-12.6197,6.50503
2859,96.3173,96.3173,-4.96926,48.5379,3.90279
3883,101.429,101.429,19.8641,-8.83575,22.0123
3243,83.7402,83.7402,2.84515,-13.3723,4.87233
2731,-235.06,-235.06,-6.34442,-16.4148,3.05488
3755,531.749,531.749,18.8072,39.3246,2.06579
2475,127.072,127.072,-14.4197,-3.76575,19.4807
2987,81.4951,81.4951,-3.57713,14.2739,11.4741
2539,337.76,337.76,-13.2455,50.5227,-13.5523
3051,80.5906,80.5906,-1.93002,20.2834,-1.18955
3099,40.3748,40.3748,-0.791672,34.2293,-18.539
3611,104.543,104.543,12.1438,38.2672,-5.02829
2331,124.79,124.79,-19.2791,35.4899,-27.1695
3355,103.518,103.518,4.81618,-7.6334,15.9895
3227,84.2968,84.2968,2.84173,41.8976,-3.52648
3483,100.977,100.977,8.24655,-13.3805,7.68811
2971,79.438,79.438,-3.28504,32.0589,-15.5155
3163,100.527,100.527,0.828389,15.204,4.33497
2651,76.0082,76.0082,-10.2445,40.5569,-7.84624
2907,0.335625,0.335625,-6.96281,38.6399,-6.09281
2267,176.251,176.251,-22.2125,29.1661,-4.53314
3291,130.147,130.147,4.08024,20.0274,-3.3699
2779,-61.885,-61.885,-5.71468,-16.2662,17.6883
2107,155.918,155.918,-28.7899,-13.7364,45.847
3131,184.65,184.65,2.46923,37.8394,5.4661
2619,138.82,138.82,-11.9177,-10.4536,9.95239
3387,102.653,102.653,5.00516,10.2448,12.0305
3771,275.232,275.232,18.9451,33.6674,2.88568
3515,446.494,446.494,12.2443,22.6196,-29.9628
2427,56.6914,56.6914,-17.1425,-4.54947,43.4957
3451,190.407,190.407,8.03322,-10.5652,33.0843
2939,62.922,62.922,-3.47826,38.3281,-17.8166
3323,5.44298,5.44298,2.28175,-2.38782,17.4637
2555,67.8775,67.8775,-13.5737,41.7579,-12.59
3067,149.879,149.879,-0.743249,-5.67828,31.8701
3079,-160.802,-160.802,0.892787,-16.6761,11.8693
2823,56.3107,56.3107,-6.59452,22.9532,-16.5944
3207,117.802,117.802,2.35126,48.8865,2.81416
2695,186.733,186.733,-8.2854,43.4018,-27.7489
2439,120.163,120.163,-15.4617,58.9461,-20.7189
2951,83.3715,83.3715,-3.9231,49.0464,-8.56909
3143,57.957,57.957,-0.339283,4.15448,10.9965
2375,126.758,126.758,-17.5898,-6.99939,15.2453
3399,165.155,165.155,5.91361,30.6274,6.22288
2503,94.1067,94.1067,-14.4414,-4.55365,24.9474
3527,142.743,142.743,9.8386,33.5397,-1.51525
3111,200.441,200.441,-1.04537,-17.5389,25.4045
2599,224.729,224.729,-10.9724,11.8788,6.94467
3623,466.372,466.372,14.1413,38.9705,-36.3163
2343,60.8856,60.8856,-20.3129,38.1253,-11.7758
3367,-184.973,-184.973,4.3029,-16.6782,5.95207
2855,242.723,242.723,-3.89485,35.1759,16.8517
3239,58.4192,58.4192,1.97849,-10.5647,14.5263
3175,81.5074,81.5074,1.51123,-7.72207,6.54758
3687,142.172,142.172,13.2944,45.4021,-10.7125
2407,288.335,288.335,-13.585,26.5043,-33.6684
2919,201.305,201.305,-3.89112,16.2709,-7.50479
2791,179.759,179.759,-6.9053,13.4498,-0.710532
3815,315.727,315.727,18.809,17.6215,-9.68603
2839,305.448,305.448,-3.8148,22.2283,-22.5385
3223,42.7653,42.7653,2.32198,-13.0442,10.0294
2711,125.634,125.634,-8.74675,27.2761,1.02752
2455,127.632,127.632,-14.5353,43.7493,-4.07461
3159,174.6,174.6,1.57819,-12.7785,38.0182
3671,171.902,171.902,12.9883,-10.3059,31.3278
3415,184.055,184.055,7.3526,-17.9123,27.4455
2903,90.4437,90.4437,-5.50888,17.3181,15.0007
3799,460.131,460.131,19.03,21.7268,-15.61
3127,30.2955,30.2955,-0.177532,17.8189,-1.52718
2615,132.844,132.844,-9.92121,31.8652,-3.77818
2871,144.189,144.189,-5.36421,18.5634,-3.11768
3255,208.83,208.83,3.52991,25.5808,0.761263
2487,106.517,106.517,-15.6048,45.3706,-13.3366
2999,201.726,201.726,-2.78687,6.74933,5.38052
3191,14.8207,14.8207,0.176338,9.81731,7.63031
2679,333.905,333.905,-4.88119,36.6296,-39.4558
2935,57.247,57.247,-5.65712,-3.77042,44.834
3319,152.931,152.931,4.81581,3.25165,0.139435
2807,171.559,171.559,-5.91082,23.5412,12.139
2551,186.279,186.279,-12.3009,-9.97921,24.6001
3575,130.95,130.95,10.5206,46.4145,-4.84028
2575,251.09,251.09,-10.5443,9.03445,21.247
3599,196.802,196.802,12.1332,30.3415,12.0403
2831,39.2948,39.2948,-5.85037,40.927,-19.031
2703,194.062,194.062,-8.37743,5.1298,15.7321
3727,286.418,286.418,15.8472,53.1887,-4.34963
2447,145.039,145.039,-15.8786,-9.46204,9.95081
3407,213.553,213.553,7.84894,8.17781,21.8709
2895,176.505,176.505,-2.15027,38.9563,-1.49955
2767,161.875,161.875,-6.81479,-19.1913,18.8061
2511,149.785,149.785,-12.9877,26.1478,13.6142
3023,3.91012,3.91012,-3.45389,42.4941,-3.44679
2095,-274.38,-274.38,-16.9344,-14.2824,10.3554
3119,99.476,99.476,-0.483824,47.774,-9.52168
3631,101.433,101.433,10.8636,27.7088,0.99361
2863,125.892,125.892,-5.80243,1.9878,10.614
2223,149.548,149.548,-23.6229,32.3365,-22.8405
2735,78.63,78.63,-7.82162,48.009,-4.07501
3503,113.435,113.435,9.34157,44.4673,-24.8132
3183,156.943,156.943,2.00107,35.2035,-10.2897
2671,159.091,159.091,-9.13461,20.5563,8.47339
3695,121.051,121.051,14.1801,-5.45337,35.8134
2415,79.6729,79.6729,-17.1116,-2.91979,13.6988
2927,15.6598,15.6598,-5.59876,-7.44476,46.9303
2287,279.256,279.256,-20.5743,22.4941,-3.39853
2799,268.431,268.431,-4.89856,26.5858,18.2243
3567,278.379,278.379,11.3262,-13.6656,25.9489
3615,115.641,115.641,11.909,-3.08347,28.9713
2335,77.8896,77.8896,-19.6626,-3.77559,45.2487
2847,107.97,107.97,-6.32114,9.67197,10.5712
2207,185.503,185.503,-22.6613,-13.8358,28.7583
3231,114.06,114.06,2.64172,-2.70105,1.99804
3743,705.39,705.39,19.0567,46.1699,-28.1957
3487,330.064,330.064,10.3918,42.6576,4.67769
2975,5.56336,5.56336,-4.71003,-6.87164,12.6571
3999,92.3109,92.3109,23.6205,-6.96971,28.4909
3167,174.777,174.777,2.32943,0.922037,22.914
3679,8.3989,8.3989,11.1501,44.9439,-1.05454
2783,94.6865,94.6865,-6.60063,28.6627,-21.3073
3807,138.878,138.878,17.4555,-21.4988,13.8094
2527,264.095,264.095,-12.1359,-13.5523,20.3531
3039,138.67,138.67,-1.98871,27.1494,-10.5094
2111,141.33,141.33,-28.611,-15.7104,15.0602
3135,128.942,128.942,0.527527,2.60584,-2.32749
3647,74.7797,74.7797,11.9641,-4.13691,33.5782
2367,240.522,240.522,-17.1236,-18.8737,25.7149
2879,162.678,162.678,-5.29264,17.6047,4.51932
3263,267.026,267.026,6.98792,37.4221,8.93563
3775,75.5254,75.5254,15.7851,-17.9858,14.3269
2495,86.3881,86.3881,-16.1218,-7.83863,38.3695
3519,62.1126,62.1126,8.17739,-5.71715,44.6963
3007,104.942,104.942,-2.18093,-12.991,39.6022
2431,240.567,240.567,-14.5004,40.9273,-22.9211
3455,102.811,102.811,6.98931,37.5245,-26.5805
3839,13.3358,13.3358,15.7251,34.4967,-30.2774
2559,89.8698,89.8698,-12.686,42.8558,-19.2425
3071,170.342,170.342,-1.11145,4.47328,16.4559


Volume HeatMap results for mesh 1
Signal range: -359.45-950.595 µm³
